url,type,status,indexable,in_sitemap,title,title_len,meta_description,h1,h1_count,word_count,images,images_missing_alt,forms,ctas,internal_links_out,internal_links_in,schema_types,canonical,html_kb,scripts,copy_excerpt
https://luptons.com/category/news/,archive,200,True,True,News Archives - Lupton Associates,33,,News,1,678,10,1,,Contact; Read More; Request Quote; Request a Quote,67,155,"BreadcrumbList, CollectionPage, Organization, WebSite",https://luptons.com/category/news/,139,62,"News 19 Apr Life Coach 101 Posted at 16:38h in News by Lucinda Steinhauser 0 Comments 0 Likes Share In their new book, David Novak and Jason Goldsmith illuminate a path to career fulfillment that begins with pursuing joy. That princi"
https://luptons.com/category/news/page/10/,archive,200,True,False,News Archives - Page 10 of 13 - Lupton Associates,49,,News,1,675,10,1,,Contact; Read More; Request Quote; Request a Quote,67,13,"BreadcrumbList, CollectionPage, Organization, WebSite",https://luptons.com/category/news/page/10/,139,62,"News 03 May Trade Deficit Decline Posted at 16:49h in News by Lucinda Steinhauser 0 Comments 0 Likes Share The Commerce Department reported that the trade deficit fell in February to to $49.4 billion (3.4%), marking the lowest level "
https://luptons.com/category/news/page/11/,archive,200,True,False,News Archives - Page 11 of 13 - Lupton Associates,49,,News,1,689,10,1,,Contact; Read More; Request Quote; Request a Quote,67,13,"BreadcrumbList, CollectionPage, Organization, WebSite",https://luptons.com/category/news/page/11/,140,62,News 27 Feb Slumping Commodity Prices Posted at 19:37h in News by Lucinda Steinhauser 0 Comments 0 Likes Share Kiplinger Letter sees commodity prices staying soft for at least the first half of 2019. The health of the global economy 
https://luptons.com/category/news/page/12/,archive,200,True,False,News Archives - Page 12 of 13 - Lupton Associates,49,,News,1,648,10,1,,Contact; Read More; Request Quote; Request a Quote,67,13,"BreadcrumbList, CollectionPage, Organization, WebSite",https://luptons.com/category/news/page/12/,139,62,News 27 Dec Fitness and big data Posted at 16:19h in News by Lucinda Steinhauser 0 Comments 0 Likes Share Life insurance companies are beginning to offer rewards to customers that track their fitness activity using wearable trackers 
https://luptons.com/category/news/page/13/,archive,200,True,False,News Archives - Page 13 of 13 - Lupton Associates,49,,News,1,617,10,1,,Contact; Read More; Request Quote; Request a Quote,66,13,"BreadcrumbList, CollectionPage, Organization, WebSite",https://luptons.com/category/news/page/13/,135,62,"News 03 Oct Manufacturing in 2019 Posted at 14:02h in News by Lucinda Steinhauser 0 Comments 0 Likes Share While manufacturing is in the midst of a very solid year, a few storm clouds are gathering in the sky. Rising interest rates w"
https://luptons.com/category/news/page/2/,archive,200,True,False,News Archives - Page 2 of 13 - Lupton Associates,48,,News,1,675,10,1,,Contact; Read More; Request Quote; Request a Quote,67,13,"BreadcrumbList, CollectionPage, Organization, WebSite",https://luptons.com/category/news/page/2/,139,62,"News 29 Sep CMMC Update Posted at 19:25h in News by Lucinda Steinhauser 0 Comments 0 Likes Share Since the writing of my first article on Cybersecurity Maturity Model Certification (CMMC) over a year ago, the program continues to gai"
https://luptons.com/category/news/page/3/,archive,200,True,False,News Archives - Page 3 of 13 - Lupton Associates,48,,News,1,690,10,1,,Contact; Read More; Request Quote; Request a Quote,67,13,"BreadcrumbList, CollectionPage, Organization, WebSite",https://luptons.com/category/news/page/3/,140,62,"News 03 Jun The Overgrown Deficit Posted at 14:06h in News by Lucinda Steinhauser 0 Comments 84 Likes Share In the aftermath of the pandemic, the national debt is soaring. The trillions of dollars in stimulus spending that has been a"
https://luptons.com/category/news/page/4/,archive,200,True,False,News Archives - Page 4 of 13 - Lupton Associates,48,,News,1,684,10,1,,Contact; Read More; Request Quote; Request a Quote,67,13,"BreadcrumbList, CollectionPage, Organization, WebSite",https://luptons.com/category/news/page/4/,139,62,"News 03 Mar Supply Chain Disruptions During a Pandemic Posted at 19:12h in News by Lucinda Steinhauser 0 Comments 3 Likes Share Early on, at the start of the COVID-19 outbreak, businesses were forced to close when state mandates were"
https://luptons.com/category/news/page/5/,archive,200,True,False,News Archives - Page 5 of 13 - Lupton Associates,48,,News,1,686,10,1,,Contact; Read More; Request Quote; Request a Quote,67,13,"BreadcrumbList, CollectionPage, Organization, WebSite",https://luptons.com/category/news/page/5/,139,62,"News 11 Nov Q3 GDP Posted at 15:47h in News by Lucinda Steinhauser 0 Comments 0 Likes Share The advance estimate for real gross domestic product (third quarter, 2020) increased by 33.1%. The real GDP decreased by 31.4% in the second "
https://luptons.com/category/news/page/6/,archive,200,True,False,News Archives - Page 6 of 13 - Lupton Associates,48,,News,1,683,10,1,,Contact; Read More; Request Quote; Request a Quote,67,13,"BreadcrumbList, CollectionPage, Organization, WebSite",https://luptons.com/category/news/page/6/,139,62,News 25 Jun The new (airline travel) normal Posted at 14:22h in News by Lucinda Steinhauser 0 Comments 0 Likes Share What’s in store for you the next time that you fly? Industry experts suggest that airlines will have a difficult bal
https://luptons.com/category/news/page/7/,archive,200,True,False,News Archives - Page 7 of 13 - Lupton Associates,48,,News,1,659,10,1,,Contact; Read More; Request Quote; Request a Quote,67,13,"BreadcrumbList, CollectionPage, Organization, WebSite",https://luptons.com/category/news/page/7/,139,62,"News 13 Feb Global Shipping has the Flu Posted at 20:31h in News by Lucinda Steinhauser 0 Comments 0 Likes Share The spread of the coronavirus in China is impacting global shipping, as shipping companies that carry goods from China a"
https://luptons.com/category/news/page/8/,archive,200,True,False,News Archives - Page 8 of 13 - Lupton Associates,48,,News,1,680,10,1,,Contact; Read More; Request Quote; Request a Quote,67,13,"BreadcrumbList, CollectionPage, Organization, WebSite",https://luptons.com/category/news/page/8/,139,62,News 08 Nov Medical Device Excise Tax (MDET) Posted at 15:55h in News by Lucinda Steinhauser 0 Comments 0 Likes Share Chinese Tariffs aren’t the only reason that CEO’s are worried about their profits and ability to compete in the glo
https://luptons.com/category/news/page/9/,archive,200,True,False,News Archives - Page 9 of 13 - Lupton Associates,48,,News,1,680,10,1,,Contact; Read More; Request Quote; Request a Quote,67,13,"BreadcrumbList, CollectionPage, Organization, WebSite",https://luptons.com/category/news/page/9/,139,62,"News 24 Jul Who’s Paying for Tariffs? Posted at 14:05h in News by Lucinda Steinhauser 0 Comments 0 Likes Share The economics of tariffs are relatively complicated, and the research conducted in the free trade era may be less applicab"
https://luptons.com/category/resources/,archive,200,True,True,Resources Archives - Lupton Associates,38,,Resources,1,270,10,1,,Contact; Read More; Request Quote; Request a Quote,56,5,"BreadcrumbList, CollectionPage, Organization, WebSite",https://luptons.com/category/resources/,132,62,Resources 11 Jun Graphite Die Cast Aluminum Chassis For Field Deployed Communications Hardware Posted at 19:19h in Resources by jessicaskorich 0 Comments 0 Likes Share Read More 11 Jun Thermoformed Cover For High-End Digital Printer 
https://luptons.com/category/resources/page/2/,archive,200,True,False,Resources Archives - Page 2 of 2 - Lupton Associates,52,,Resources,1,65,10,1,,Contact; Read More; Request Quote; Request a Quote,48,2,"BreadcrumbList, CollectionPage, Organization, WebSite",https://luptons.com/category/resources/page/2/,108,62,Resources 11 Jun Sheet Metal Fabrication for Aluminum Platform for Scissor Lift Posted at 19:11h in Resources by jessicaskorich 0 Comments 0 Likes Share Read More 22 Nov Short Run Stamping – Conversion of Small Detail Parts to the Sh
https://luptons.com/company-news/,archive,200,False,False,Insights Archive,16,"Archived Lupton Associates manufacturing insights, market notes, and legacy newsletter content preserved for reference.",Insights Archive,1,681,10,1,,Contact; Read More; Request Quote; Request a Quote,69,204,"BreadcrumbList, CollectionPage, Organization, WebPage, WebSite",,141,62,"Insights Archive 19 Apr Life Coach 101 Posted at 16:38h in News by Lucinda Steinhauser 0 Comments 0 Likes Share In their new book, David Novak and Jason Goldsmith illuminate a path to career fulfillment that begins with pursuing joy."
https://luptons.com/company-news/page/10/,archive,200,False,False,Insights Archive,16,"Archived Lupton Associates manufacturing insights, market notes, and legacy newsletter content preserved for reference.",Insights Archive,1,678,10,1,,Contact; Read More; Request Quote; Request a Quote,69,15,"BreadcrumbList, CollectionPage, Organization, WebPage, WebSite",,141,62,"Insights Archive 03 May Trade Deficit Decline Posted at 16:49h in News by Lucinda Steinhauser 0 Comments 0 Likes Share The Commerce Department reported that the trade deficit fell in February to to $49.4 billion (3.4%), marking the l"
https://luptons.com/company-news/page/11/,archive,200,False,False,Insights Archive,16,"Archived Lupton Associates manufacturing insights, market notes, and legacy newsletter content preserved for reference.",Insights Archive,1,692,10,1,,Contact; Read More; Request Quote; Request a Quote,69,15,"BreadcrumbList, CollectionPage, Organization, WebPage, WebSite",,141,62,Insights Archive 27 Feb Slumping Commodity Prices Posted at 19:37h in News by Lucinda Steinhauser 0 Comments 0 Likes Share Kiplinger Letter sees commodity prices staying soft for at least the first half of 2019. The health of the glo
https://luptons.com/company-news/page/12/,archive,200,False,False,Insights Archive,16,"Archived Lupton Associates manufacturing insights, market notes, and legacy newsletter content preserved for reference.",Insights Archive,1,651,10,1,,Contact; Read More; Request Quote; Request a Quote,69,15,"BreadcrumbList, CollectionPage, Organization, WebPage, WebSite",,140,62,Insights Archive 27 Dec Fitness and big data Posted at 16:19h in News by Lucinda Steinhauser 0 Comments 0 Likes Share Life insurance companies are beginning to offer rewards to customers that track their fitness activity using wearab
https://luptons.com/company-news/page/13/,archive,200,False,False,Insights Archive,16,"Archived Lupton Associates manufacturing insights, market notes, and legacy newsletter content preserved for reference.",Insights Archive,1,646,10,1,,Contact; Read More; Request Quote; Request a Quote,70,15,"BreadcrumbList, CollectionPage, Organization, WebPage, WebSite",,140,62,"Insights Archive 03 Oct Manufacturing in 2019 Posted at 14:02h in News by Lucinda Steinhauser 0 Comments 0 Likes Share While manufacturing is in the midst of a very solid year, a few storm clouds are gathering in the sky. Rising inte"
https://luptons.com/company-news/page/14/,archive,200,False,False,Insights Archive,16,"Archived Lupton Associates manufacturing insights, market notes, and legacy newsletter content preserved for reference.",Insights Archive,1,283,10,1,,Contact; Read More; Request Quote; Request a Quote,69,15,"BreadcrumbList, CollectionPage, Organization, WebPage, WebSite",,135,62,Insights Archive 11 Jun Thermoformed Cover For High-End Digital Printer With Molded In Color Posted at 19:19h in Resources by jessicaskorich 0 Comments 0 Likes Share Read More 11 Jun Reaction Injection Molding (RIM) Suits Requirement
https://luptons.com/company-news/page/15/,archive,200,False,False,Insights Archive,16,"Archived Lupton Associates manufacturing insights, market notes, and legacy newsletter content preserved for reference.",Insights Archive,1,54,10,1,,Contact; Read More; Request Quote; Request a Quote,60,15,"BreadcrumbList, CollectionPage, Organization, WebPage, WebSite",,107,62,Insights Archive 22 Nov Short Run Stamping – Conversion of Small Detail Parts to the Short Run Stamping Process Posted at 20:50h in Resources by jessicaskorich 0 Comments 0 Likes Share Read More 1 2 3 4 5 6 7 8 9 10 11 12 13 14 15
https://luptons.com/company-news/page/2/,archive,200,False,False,Insights Archive,16,"Archived Lupton Associates manufacturing insights, market notes, and legacy newsletter content preserved for reference.",Insights Archive,1,678,10,1,,Contact; Read More; Request Quote; Request a Quote,69,15,"BreadcrumbList, CollectionPage, Organization, WebPage, WebSite",,141,62,"Insights Archive 29 Sep CMMC Update Posted at 19:25h in News by Lucinda Steinhauser 0 Comments 0 Likes Share Since the writing of my first article on Cybersecurity Maturity Model Certification (CMMC) over a year ago, the program cont"
https://luptons.com/company-news/page/3/,archive,200,False,False,Insights Archive,16,"Archived Lupton Associates manufacturing insights, market notes, and legacy newsletter content preserved for reference.",Insights Archive,1,693,10,1,,Contact; Read More; Request Quote; Request a Quote,69,15,"BreadcrumbList, CollectionPage, Organization, WebPage, WebSite",,141,62,"Insights Archive 03 Jun The Overgrown Deficit Posted at 14:06h in News by Lucinda Steinhauser 0 Comments 84 Likes Share In the aftermath of the pandemic, the national debt is soaring. The trillions of dollars in stimulus spending tha"
https://luptons.com/company-news/page/4/,archive,200,False,False,Insights Archive,16,"Archived Lupton Associates manufacturing insights, market notes, and legacy newsletter content preserved for reference.",Insights Archive,1,687,10,1,,Contact; Read More; Request Quote; Request a Quote,69,15,"BreadcrumbList, CollectionPage, Organization, WebPage, WebSite",,141,62,"Insights Archive 03 Mar Supply Chain Disruptions During a Pandemic Posted at 19:12h in News by Lucinda Steinhauser 0 Comments 3 Likes Share Early on, at the start of the COVID-19 outbreak, businesses were forced to close when state m"
https://luptons.com/company-news/page/5/,archive,200,False,False,Insights Archive,16,"Archived Lupton Associates manufacturing insights, market notes, and legacy newsletter content preserved for reference.",Insights Archive,1,689,10,1,,Contact; Read More; Request Quote; Request a Quote,69,15,"BreadcrumbList, CollectionPage, Organization, WebPage, WebSite",,141,62,"Insights Archive 11 Nov Q3 GDP Posted at 15:47h in News by Lucinda Steinhauser 0 Comments 0 Likes Share The advance estimate for real gross domestic product (third quarter, 2020) increased by 33.1%. The real GDP decreased by 31.4% in"
https://luptons.com/company-news/page/6/,archive,200,False,False,Insights Archive,16,"Archived Lupton Associates manufacturing insights, market notes, and legacy newsletter content preserved for reference.",Insights Archive,1,686,10,1,,Contact; Read More; Request Quote; Request a Quote,69,15,"BreadcrumbList, CollectionPage, Organization, WebPage, WebSite",,141,62,Insights Archive 25 Jun The new (airline travel) normal Posted at 14:22h in News by Lucinda Steinhauser 0 Comments 0 Likes Share What’s in store for you the next time that you fly? Industry experts suggest that airlines will have a d
https://luptons.com/company-news/page/7/,archive,200,False,False,Insights Archive,16,"Archived Lupton Associates manufacturing insights, market notes, and legacy newsletter content preserved for reference.",Insights Archive,1,662,10,1,,Contact; Read More; Request Quote; Request a Quote,69,15,"BreadcrumbList, CollectionPage, Organization, WebPage, WebSite",,141,62,"Insights Archive 13 Feb Global Shipping has the Flu Posted at 20:31h in News by Lucinda Steinhauser 0 Comments 0 Likes Share The spread of the coronavirus in China is impacting global shipping, as shipping companies that carry goods "
https://luptons.com/company-news/page/8/,archive,200,False,False,Insights Archive,16,"Archived Lupton Associates manufacturing insights, market notes, and legacy newsletter content preserved for reference.",Insights Archive,1,683,10,1,,Contact; Read More; Request Quote; Request a Quote,69,15,"BreadcrumbList, CollectionPage, Organization, WebPage, WebSite",,140,62,Insights Archive 08 Nov Medical Device Excise Tax (MDET) Posted at 15:55h in News by Lucinda Steinhauser 0 Comments 0 Likes Share Chinese Tariffs aren’t the only reason that CEO’s are worried about their profits and ability to compet
https://luptons.com/company-news/page/9/,archive,200,False,False,Insights Archive,16,"Archived Lupton Associates manufacturing insights, market notes, and legacy newsletter content preserved for reference.",Insights Archive,1,683,10,1,,Contact; Read More; Request Quote; Request a Quote,69,15,"BreadcrumbList, CollectionPage, Organization, WebPage, WebSite",,141,62,"Insights Archive 24 Jul Who’s Paying for Tariffs? Posted at 14:05h in News by Lucinda Steinhauser 0 Comments 0 Likes Share The economics of tariffs are relatively complicated, and the research conducted in the free trade era may be l"
https://luptons.com/10-great-things-about-people-you-dont-like/,blog post,200,False,False,10 Great Things about People You don’t like - Lupton Associates,63,,10 Great Things about People You don’t like,1,151,10,1,https://luptons.com/wp-comments-post.php,Contact; Request Quote; Request a Quote,46,3,"Article, BreadcrumbList, Organization, Person, WebPage, WebSite",,111,65,"10 Great Things about People You don’t like 24 Jan 10 Great Things about People You don’t like Posted at 16:39h in News by Lucinda Steinhauser 0 Comments 0 Likes Share If you’re in a leadership role, or part of a functional team at w"
https://luptons.com/2019-ten-trends-to-watch-click-to-keep-reading/,blog post,200,False,False,2019: Ten Trends to Watch - Lupton Associates,45,,2019: Ten Trends to Watch,1,345,10,1,https://luptons.com/wp-comments-post.php,Contact; Request Quote; Request a Quote,46,3,"Article, BreadcrumbList, Organization, Person, WebPage, WebSite",,112,65,"2019: Ten Trends to Watch 24 Jan 2019: Ten Trends to Watch Posted at 17:28h in News by Lucinda Steinhauser 0 Comments 0 Likes Share Here are some of the trends and stories to watch for in 2019, according to the Kiplinger Letter: GDP "
https://luptons.com/3-essentials-of-great-teamwork-click-to-keep-reading/,blog post,200,False,False,3 Essentials of Great Teamwork - Lupton Associates,50,,3 Essentials of Great Teamwork,1,476,10,1,https://luptons.com/wp-comments-post.php,Contact; Request Quote; Request a Quote,46,3,"Article, BreadcrumbList, Organization, Person, WebPage, WebSite",,112,65,"3 Essentials of Great Teamwork 27 Jun 3 Essentials of Great Teamwork Posted at 18:29h in News by Lucinda Steinhauser 0 Comments 0 Likes Share “Teamwork is not a preference, it is a requirement.” John Wooden You know a great team when"
https://luptons.com/50-years-later-click-to-keep-reading/,blog post,200,False,False,50 Years Later - Lupton Associates,34,,50 Years Later,1,437,11,2,https://luptons.com/wp-comments-post.php,Contact; Request Quote; Request a Quote,46,3,"Article, BreadcrumbList, ImageObject, Organization, Person, WebPage, WebSite",,113,65,"50 Years Later 15 Jan 50 Years Later Posted at 19:38h in News by Lucinda Steinhauser 0 Comments 0 Likes Share When my Dad founded Lupton Associates 50 years ago, things were very different but in a strange way, very much the same as "
https://luptons.com/5g-is-almost-here-click-to-keep-reading/,blog post,200,False,False,5G is (almost) here - Lupton Associates,39,,5G is (almost) here,1,483,10,1,https://luptons.com/wp-comments-post.php,Contact; Request Quote; Request a Quote,46,3,"Article, BreadcrumbList, Organization, Person, WebPage, WebSite",,113,65,"5G is (almost) here 25 Mar 5G is (almost) here Posted at 15:17h in News by Lucinda Steinhauser 0 Comments 0 Likes Share 5G is here—sort of. Verizon and AT&T both launched preliminary 5G services in late 2018, but neither is broadly a"
https://luptons.com/ada-website-compliance-click-to-keep-reading/,blog post,200,False,False,ADA Website Compliance - Lupton Associates,42,,ADA Website Compliance,1,212,10,1,https://luptons.com/wp-comments-post.php,Contact; Request Quote; Request a Quote,46,3,"Article, BreadcrumbList, Organization, Person, WebPage, WebSite",,111,65,"ADA Website Compliance 08 Jul ADA Website Compliance Posted at 16:02h in News by Lucinda Steinhauser 0 Comments 0 Likes Share The Web Content Accessibility Guidelines ( WCAG ) were published in 2008, and updated in June, 2018. It’s e"
https://luptons.com/agriculture-woes-click-to-keep-reading/,blog post,200,False,False,Agriculture Woes - Lupton Associates,36,,Agriculture Woes,1,150,10,1,https://luptons.com/wp-comments-post.php,Contact; Request Quote; Request a Quote,46,3,"Article, BreadcrumbList, Organization, Person, WebPage, WebSite",,110,65,"Agriculture Woes 24 Apr Agriculture Woes Posted at 15:27h in News by Lucinda Steinhauser 0 Comments 0 Likes Share Agriculture in the U.S. has managed to avoid a serious downturn since the 1980’s, when debt loads fed a wave of bankrup"
https://luptons.com/air-freight-squeeze-click-to-keep-reading/,blog post,200,False,False,Air Freight Squeeze - Lupton Associates,39,,Air Freight Squeeze,1,211,10,1,https://luptons.com/wp-comments-post.php,Contact; Request Quote; Request a Quote,46,3,"Article, BreadcrumbList, Organization, Person, WebPage, WebSite",,111,65,"Air Freight Squeeze 08 Feb Air Freight Squeeze Posted at 19:34h in News by Lucinda Steinhauser 0 Comments 0 Likes Share Don’t expect the air freight capacity issues to be remedied any time soon. In fact, they will probably get worse "
https://luptons.com/amazon-business-click-to-keep-reading/,blog post,200,False,False,Amazon Business - Lupton Associates,35,,Amazon Business,1,251,10,1,https://luptons.com/wp-comments-post.php,Contact; Request Quote; Request a Quote,46,3,"Article, BreadcrumbList, Organization, Person, WebPage, WebSite",,111,65,Amazon Business 02 Apr Amazon Business Posted at 19:59h in News by Lucinda Steinhauser 0 Comments 0 Likes Share Amazon Business provides its users purchasing solutions for companies of any size. Each business can assign users that ar
https://luptons.com/apprenticeship-redux/,blog post,200,True,True,Apprenticeship Redux - Lupton Associates,40,,Apprenticeship Redux,1,122,10,1,https://luptons.com/wp-comments-post.php,Contact; Request Quote; Request a Quote,46,3,"Article, BreadcrumbList, Organization, Person, WebPage, WebSite",https://luptons.com/apprenticeship-redux/,110,65,Apprenticeship Redux 03 Oct Apprenticeship Redux Posted at 13:52h in News by Lucinda Steinhauser 0 Comments 0 Likes Share Expect the Department of Labor to propose new rules surrounding apprenticeships sometime this fall. The change 
https://luptons.com/are-you-up-to-snuff-of-linkedin-click-to-keep-reading/,blog post,200,False,False,Are you up to snuff of LinkedIn? - Lupton Associates,52,,Are you up to snuff of LinkedIn?,1,362,10,1,https://luptons.com/wp-comments-post.php,Contact; Request Quote; Request a Quote,46,3,"Article, BreadcrumbList, Organization, Person, WebPage, WebSite",,112,65,Are you up to snuff of LinkedIn? 02 Apr Are you up to snuff of LinkedIn? Posted at 20:13h in News by Lucinda Steinhauser 0 Comments 0 Likes Share Are you establishing your brand with authority on LinkedIn? There are more than 13 mill
https://luptons.com/armstrong-rapid-manufacturing-celebrating-50-years-click-to-keep-reading/,blog post,200,False,False,Armstrong Rapid Manufacturing Celebrating 50 years - Lupton Associates,70,,Armstrong Rapid Manufacturing Celebrating 50 years,1,190,10,1,https://luptons.com/wp-comments-post.php,Contact; Request Quote; Request a Quote,46,3,"Article, BreadcrumbList, Organization, Person, WebPage, WebSite",,112,65,Armstrong Rapid Manufacturing Celebrating 50 years 25 Mar Armstrong Rapid Manufacturing Celebrating 50 years Posted at 18:16h in News by Lucinda Steinhauser 0 Comments 0 Likes Share Celebrating 50 years of expertise in metal and plas
https://luptons.com/armstrong-rapid-manufacturing/,blog post,200,False,False,Armstrong Rapid Manufacturing - Lupton Associates,49,,Armstrong Rapid Manufacturing,1,117,10,1,https://luptons.com/wp-comments-post.php,Contact; Request Quote; Request a Quote; contact,46,3,"Article, BreadcrumbList, Organization, Person, WebPage, WebSite",,110,65,Armstrong Rapid Manufacturing 24 Apr Armstrong Rapid Manufacturing Posted at 15:20h in News by Lucinda Steinhauser 0 Comments 0 Likes Share Armstrong Rapid Manufacturing is 50 years old! Armstrong specializes in rapid prototyping of 
https://luptons.com/attitude-of-gratitude/,blog post,200,False,False,Attitude of Gratitude - Lupton Associates,41,,Attitude of Gratitude,1,135,10,1,https://luptons.com/wp-comments-post.php,Contact; Request Quote; Request a Quote,46,3,"Article, BreadcrumbList, Organization, Person, WebPage, WebSite",,110,65,"Attitude of Gratitude 03 Oct Attitude of Gratitude Posted at 13:47h in News by Lucinda Steinhauser 0 Comments 0 Likes Share When you cultivate gratitude you’ll sleep better, feel happier, be more empathetic, and strengthen your resil"
https://luptons.com/automation-in-manufacturing-click-to-keep-reading/,blog post,200,False,False,Automation in Manufacturing - Lupton Associates,47,,Automation in Manufacturing,1,306,10,1,https://luptons.com/wp-comments-post.php,Contact; Request Quote; Request a Quote,46,3,"Article, BreadcrumbList, Organization, Person, WebPage, WebSite",,112,65,"Automation in Manufacturing 04 Jun Automation in Manufacturing Posted at 19:48h in News by Lucinda Steinhauser 0 Comments 0 Likes Share Recently we toured our manufacturer, Clow Stamping Company ( www.clowstamping.com ), and it was g"
https://luptons.com/autonomous-cars-yes-theyre-a-thing/,blog post,200,False,False,Autonomous Cars? Yes. They're a thing. Click to keep reading! - Lupton Associates,81,,Autonomous Cars? Yes. They’re a thing. Click to keep reading!,1,276,10,1,https://luptons.com/wp-comments-post.php,Contact; Request Quote; Request a Quote,46,3,"Article, BreadcrumbList, Organization, Person, WebPage, WebSite",,111,65,Autonomous Cars? Yes. They’re a thing. Click to keep reading! 22 Aug Autonomous Cars? Yes. They’re a thing. Click to keep reading! Posted at 18:51h in News by Lucinda Steinhauser 0 Comments 0 Likes Share The rise of autonomous cars i
https://luptons.com/autonomous-evs-to-the-rescue-click-to-keep-reading/,blog post,200,False,False,Autonomous EV's to the Rescue - Lupton Associates,49,,Autonomous EV’s to the Rescue,1,225,10,1,https://luptons.com/wp-comments-post.php,Contact; Request Quote; Request a Quote,46,3,"Article, BreadcrumbList, Organization, Person, WebPage, WebSite",,111,65,"Autonomous EV’s to the Rescue 27 Jun Autonomous EV’s to the Rescue Posted at 18:14h in News by Lucinda Steinhauser 0 Comments 0 Likes Share Volvo Trucks is collaborating with DFDS, a ferry and logistics company, to implement a transp"
https://luptons.com/business-costs-in-2021-click-to-keep-reading/,blog post,200,False,False,Business Costs in 2021 - Lupton Associates,42,,Business Costs in 2021,1,518,10,1,https://luptons.com/wp-comments-post.php,Contact; Request Quote; Request a Quote,46,3,"Article, BreadcrumbList, Organization, Person, WebPage, WebSite",,113,65,"Business Costs in 2021 16 Sep Business Costs in 2021 Posted at 17:48h in News by Lucinda Steinhauser 0 Comments 0 Likes Share Kiplinger Letter is taking a shot at predicting business costs in 2021, even with all the economic uncertai"
https://luptons.com/buying-american-is-there-strength-in-numbers-click-to-keep-reading/,blog post,200,False,False,Buying American: Is there strength in Numbers? - Lupton Associates,66,,Buying American: Is there strength in Numbers?,1,254,10,1,https://luptons.com/wp-comments-post.php,Contact; Request Quote; Request a Quote,46,3,"Article, BreadcrumbList, Organization, Person, WebPage, WebSite",,112,65,Buying American: Is there strength in Numbers? 03 Mar Buying American: Is there strength in Numbers? Posted at 19:07h in News by Lucinda Steinhauser 0 Comments 9 Likes Share Bloomberg Businessweek published an editorial related to th
https://luptons.com/ccpa-the-california-consumer-privacy-act-click-to-keep-reading/,blog post,200,False,False,CCPA: the California Consumer Privacy Act - Lupton Associates,61,,CCPA: the California Consumer Privacy Act,1,303,10,1,https://luptons.com/wp-comments-post.php,Contact; Request Quote; Request a Quote,46,3,"Article, BreadcrumbList, Organization, Person, WebPage, WebSite",,112,65,CCPA: the California Consumer Privacy Act 13 Dec CCPA: the California Consumer Privacy Act Posted at 15:22h in News by Lucinda Steinhauser 0 Comments 0 Likes Share The California Consumer Privacy Act (CCPA) applies to for-profit orga
https://luptons.com/change-is-good-click-to-keep-reading/,blog post,200,False,False,Change is Good! - Lupton Associates,35,,Change is Good!,1,372,11,2,https://luptons.com/wp-comments-post.php,Contact; Request Quote; Request a Quote,46,3,"Article, BreadcrumbList, ImageObject, Organization, Person, WebPage, WebSite",,113,65,"Change is Good! 08 Sep Change is Good! Posted at 18:15h in News by Lucinda Steinhauser 0 Comments 1 Like Share Hello and thanks to everyone in the Lupton Associates sphere, both internally and externally, for making me feel so welcom"
https://luptons.com/china-amid-a-covid-comeback-click-to-keep-reading/,blog post,200,False,False,China amid a COVID Comeback - Lupton Associates,47,,China amid a COVID Comeback,1,313,10,1,https://luptons.com/wp-comments-post.php,Contact; Contact us; Request Quote; Request a Quote,46,3,"Article, BreadcrumbList, Organization, Person, WebPage, WebSite",,112,65,"China amid a COVID Comeback 19 Aug China amid a COVID Comeback Posted at 14:54h in News by Lucinda Steinhauser 0 Comments 0 Likes Share As the first global economy hit with fallout from the COVID-19 virus, China is also the first eco"
https://luptons.com/china-then-and-now-click-to-keep-reading/,blog post,200,False,False,China Then and Now - Lupton Associates,38,,China Then and Now,1,370,10,1,https://luptons.com/wp-comments-post.php,Contact; Request Quote; Request a Quote,46,3,"Article, BreadcrumbList, Organization, Person, WebPage, WebSite",,112,65,China Then and Now 21 Dec China Then and Now Posted at 20:46h in News by Lucinda Steinhauser 0 Comments 0 Likes Share Historians and political junkies are already wondering how the new administration will deal with China in the next 
https://luptons.com/cmmc-update-click-to-keep-reading/,blog post,200,False,False,CMMC Update - Lupton Associates,31,,CMMC Update,1,329,11,2,https://luptons.com/wp-comments-post.php,Contact; Request Quote; Request a Quote,46,3,"Article, BreadcrumbList, ImageObject, Organization, Person, WebPage, WebSite",,113,65,"CMMC Update 29 Sep CMMC Update Posted at 19:25h in News by Lucinda Steinhauser 0 Comments 0 Likes Share Since the writing of my first article on Cybersecurity Maturity Model Certification (CMMC) over a year ago, the program continues"
https://luptons.com/continuous-improvement-is-a-mindset-click-to-keep-reading/,blog post,200,True,True,Continuous Improvement is a Mindset - Lupton Associates,55,,Continuous Improvement is a Mindset,1,436,10,1,https://luptons.com/wp-comments-post.php,Contact; Request Quote; Request a Quote,46,3,"Article, BreadcrumbList, Organization, Person, WebPage, WebSite",https://luptons.com/continuous-improvement-is-a-mindset-click-to-keep-reading/,113,65,Continuous Improvement is a Mindset 24 Jan Continuous Improvement is a Mindset Posted at 16:19h in News by Lucinda Steinhauser 0 Comments 0 Likes Share Happy New Year 2019. 2018 was a fantastic year for most businesses – mine include
https://luptons.com/covid-19-vaccines-the-race-to-immunity-click-to-keep-reading/,blog post,200,False,False,COVID-19 Vaccines: The race to immunity - Lupton Associates,59,,COVID-19 Vaccines: The race to immunity,1,596,10,1,https://luptons.com/wp-comments-post.php,Contact; Request Quote; Request a Quote,46,3,"Article, BreadcrumbList, Organization, Person, WebPage, WebSite",,114,65,"COVID-19 Vaccines: The race to immunity 08 Feb COVID-19 Vaccines: The race to immunity Posted at 19:32h in News by Lucinda Steinhauser 0 Comments 0 Likes Share In just ten months, two pharmaceutical companies (Pfizer and Moderna) hav"
https://luptons.com/create-an-insurmountable-gulf-between-you-and-your-competition-click-to-keep-reading/,blog post,200,False,False,Create an Insurmountable Gulf Between You and Your Competition - Lupton Associates,82,,Create an Insurmountable Gulf Between You and Your Competition,1,1409,11,2,https://luptons.com/wp-comments-post.php,Contact; Request Quote; Request a Quote,46,3,"Article, BreadcrumbList, ImageObject, Organization, Person, WebPage, WebSite",,121,65,Create an Insurmountable Gulf Between You and Your Competition 30 Jul Create an Insurmountable Gulf Between You and Your Competition Posted at 17:33h in News by Lucinda Steinhauser 0 Comments 0 Likes Share You can create an insurmoun
https://luptons.com/creating-a-culture-for-success-click-to-keep-reading/,blog post,200,False,False,Creating a culture for Success - Lupton Associates,50,,Creating a culture for Success,1,524,11,2,https://luptons.com/wp-comments-post.php,Contact; Request Quote; Request a Quote,46,3,"Article, BreadcrumbList, ImageObject, Organization, Person, WebPage, WebSite",,115,65,Creating a culture for Success 27 Feb Creating a culture for Success Posted at 19:20h in News by Lucinda Steinhauser 0 Comments 0 Likes Share We are using technology today in abundance. Everything from monitoring homes to scheduling 
https://luptons.com/cyber-security-click-to-keep-reading/,blog post,200,False,False,Cyber security - Lupton Associates,34,,Cyber security,1,1148,10,1,https://luptons.com/wp-comments-post.php,Contact; Request Quote; Request a Quote; contact,46,3,"Article, BreadcrumbList, Organization, Person, WebPage, WebSite",,117,65,Cyber security 13 Feb Cyber security Posted at 20:23h in News by Lucinda Steinhauser 0 Comments 0 Likes Share Over the past two or three years we have participated in many discussions and several contract negotiations which required 
https://luptons.com/cybersecurity-in-2020-click-to-keep-reading/,blog post,200,False,False,Cybersecurity in 2020 - Lupton Associates,41,,Cybersecurity in 2020,1,179,10,1,https://luptons.com/wp-comments-post.php,Contact; Request Quote; Request a Quote,46,3,"Article, BreadcrumbList, Organization, Person, WebPage, WebSite",,111,65,Cybersecurity in 2020 20 Oct Cybersecurity in 2020 Posted at 20:37h in News by Lucinda Steinhauser 0 Comments 0 Likes Share Keeping control over data security threats is especially challenging in an environment where many employees a
https://luptons.com/deficit-debacle-click-to-keep-reading/,blog post,200,False,False,Deficit Debacle - Lupton Associates,35,,Deficit Debacle,1,226,10,1,https://luptons.com/wp-comments-post.php,Contact; Request Quote; Request a Quote,46,3,"Article, BreadcrumbList, Organization, Person, WebPage, WebSite",,111,65,"Deficit Debacle 27 Dec Deficit Debacle Posted at 16:10h in News by Lucinda Steinhauser 0 Comments 0 Likes Share It’s expected that the budget deficit will expand to $1 trillion in 2019, almost 5% of GDP. While the deficit topped out "
https://luptons.com/early-and-honest-click-to-keep-reading/,blog post,200,False,False,Early and Honest - Lupton Associates,36,,Early and Honest,1,378,10,1,https://luptons.com/wp-comments-post.php,Contact; Request Quote; Request a Quote,46,3,"Article, BreadcrumbList, Organization, Person, WebPage, WebSite",,112,65,"Early and Honest 30 Nov Early and Honest Posted at 20:15h in News by Lucinda Steinhauser 0 Comments 0 Likes Share We do not end up with our best business relationships by accident. There may have been a serendipitous meeting, but the"
https://luptons.com/emp-manufacturing-with-intent/,blog post,200,False,False,EMP: Manufacturing with Intent - Lupton Associates,50,,EMP: Manufacturing with Intent,1,239,11,2,https://luptons.com/wp-comments-post.php,Contact; Contact us; Request Quote; Request a Quote,46,3,"Article, BreadcrumbList, ImageObject, Organization, Person, WebPage, WebSite",,113,65,EMP: Manufacturing with Intent 06 Dec EMP: Manufacturing with Intent Posted at 18:41h in News by Lucinda Steinhauser 0 Comments 0 Likes Share Electro-Mechanical Products (EMP) understands the critical demands and importance of therma
https://luptons.com/emp-thermal-management-products-where-innovation-meets-performance-click-to-keep-reading/,blog post,200,False,False,EMP: Thermal Management products where Innovation Meets Performance - Lupton Associates,87,,EMP: Thermal Management products where Innovation Meets Performance,1,170,11,2,https://luptons.com/wp-comments-post.php,Contact; Request Quote; Request a Quote,46,3,"Article, BreadcrumbList, ImageObject, Organization, Person, WebPage, WebSite",,114,65,EMP: Thermal Management products where Innovation Meets Performance 27 Feb EMP: Thermal Management products where Innovation Meets Performance Posted at 19:36h in News by Lucinda Steinhauser 0 Comments 0 Likes Share As a global leade
https://luptons.com/energy-costs-in-2019/,blog post,200,False,False,Energy Costs in 2019 - Lupton Associates,40,,Energy Costs in 2019,1,90,10,1,https://luptons.com/wp-comments-post.php,Contact; Request Quote; Request a Quote,46,3,"Article, BreadcrumbList, Organization, Person, WebPage, WebSite",,109,65,Energy Costs in 2019 27 Aug Energy Costs in 2019 Posted at 15:08h in News by Lucinda Steinhauser 0 Comments 0 Likes Share Expect that energy costs will be somewhat higher in 2019 compared to 2018. Crude oil prices will continue to ri
https://luptons.com/everyone-has-baggage-click-to-keep-reading/,blog post,200,False,False,Everyone has Baggage - Lupton Associates,40,,Everyone has Baggage,1,614,10,1,https://luptons.com/wp-comments-post.php,Contact; Request Quote; Request a Quote,46,3,"Article, BreadcrumbList, Organization, Person, WebPage, WebSite",,113,65,"Everyone has Baggage 24 Apr Everyone has Baggage Posted at 14:48h in News by Lucinda Steinhauser 0 Comments 0 Likes Share Typically, each member of the Lupton Business Development team has the privilege of writing an article for this"
https://luptons.com/evs-and-china-click-to-keep-reading/,blog post,200,False,False,EV's and China - Lupton Associates,34,,EV’s and China,1,180,11,2,https://luptons.com/wp-comments-post.php,Contact; Request Quote; Request a Quote,46,3,"Article, BreadcrumbList, ImageObject, Organization, Person, WebPage, WebSite",,112,65,EV’s and China 20 Oct EV’s and China Posted at 20:44h in News by Lucinda Steinhauser 0 Comments 0 Likes Share Elon Musk opened the Tesla Shanghai Gigafactory late in 2019. The brand new factory was opened in 168 working days. Musk pr
https://luptons.com/evs-good-news-all-around-click-to-keep-reading/,blog post,200,False,False,Evs - Good news all Around - Lupton Associates,46,,Evs – Good news all Around,1,188,10,1,https://luptons.com/wp-comments-post.php,Contact; Request Quote; Request a Quote,46,3,"Article, BreadcrumbList, Organization, Person, WebPage, WebSite",,111,65,Evs – Good news all Around 12 May Evs – Good news all Around Posted at 20:05h in News by Lucinda Steinhauser 0 Comments 0 Likes Share The decision by the International Trade commission to allow SK innovation to continue U.S. operatio
https://luptons.com/factory-well-being/,blog post,200,False,False,Factory Well-Being - Lupton Associates,38,,Factory Well-Being,1,102,11,2,https://luptons.com/wp-comments-post.php,Contact; Request Quote; Request a Quote,46,3,"Article, BreadcrumbList, ImageObject, Organization, Person, WebPage, WebSite",,111,65,"Factory Well-Being 03 May Factory Well-Being Posted at 16:57h in News by Lucinda Steinhauser 0 Comments 0 Likes Share Manufacturing output contracted for the second month in 2019, the first back-to-back declines since mid-2017. Weake"
https://luptons.com/fast-and-furious/,blog post,200,False,False,Fast and Furious - Lupton Associates,36,,Fast and Furious,1,111,10,1,https://luptons.com/wp-comments-post.php,Contact; Request Quote; Request a Quote,46,3,"Article, BreadcrumbList, Organization, Person, WebPage, WebSite",,110,65,Fast and Furious 25 Mar Fast and Furious Posted at 18:31h in News by Lucinda Steinhauser 0 Comments 0 Likes Share Did you know that Dynamic Plastics built over 300 new tools in 2018? Dynamic Plastics is a full service provider of low
https://luptons.com/fighting-medical-bills-click-to-keep-reading/,blog post,200,False,False,Fighting Medical Bills - Lupton Associates,42,,Fighting Medical Bills,1,359,10,1,https://luptons.com/wp-comments-post.php,Contact; Request Quote; Request a Quote,46,3,"Article, BreadcrumbList, Organization, Person, WebPage, WebSite",,112,65,"Fighting Medical Bills 19 Apr Fighting Medical Bills Posted at 20:35h in News by Lucinda Steinhauser 0 Comments 2 Likes Share If you are lucky enough to be employed and insured by a major provider, you may not need to use these Consu"
https://luptons.com/fitness-and-big-data-click-to-keep-reading/,blog post,200,False,False,Fitness and big data - Lupton Associates,40,,Fitness and big data,1,214,10,1,https://luptons.com/wp-comments-post.php,Contact; Request Quote; Request a Quote,46,3,"Article, BreadcrumbList, Organization, Person, WebPage, WebSite",,111,65,Fitness and big data 27 Dec Fitness and big data Posted at 16:19h in News by Lucinda Steinhauser 0 Comments 0 Likes Share Life insurance companies are beginning to offer rewards to customers that track their fitness activity using we
https://luptons.com/foreign-in-a-domestic-sense-click-to-keep-reading/,blog post,200,False,False,Foreign in a Domestic Sense - Lupton Associates,47,,Foreign in a Domestic Sense,1,316,10,1,https://luptons.com/wp-comments-post.php,Contact; Request Quote; Request a Quote,46,3,"Article, BreadcrumbList, Organization, Person, WebPage, WebSite",,112,65,"Foreign in a Domestic Sense 14 Sep Foreign in a Domestic Sense Posted at 14:50h in News by Lucinda Steinhauser 0 Comments 0 Likes Share As many employers struggle to fill job vacancies, displaced Puerto Ricans are being recruited for"
https://luptons.com/foreign-investment-in-china-click-to-keep-reading/,blog post,200,False,False,Foreign Investment in China - Lupton Associates,47,,Foreign Investment in China,1,303,11,2,https://luptons.com/wp-comments-post.php,Contact; Request Quote; Request a Quote,46,3,"Article, BreadcrumbList, ImageObject, Organization, Person, WebPage, WebSite",,113,65,"Foreign Investment in China 11 Oct Foreign Investment in China Posted at 15:03h in News by Lucinda Steinhauser 0 Comments 0 Likes Share China passed the new Foreign Investment Law in March, 2019. The law will go into effect on Januar"
https://luptons.com/free-trade-pact-click-to-keep-reading/,blog post,200,False,False,Free trade pact - Lupton Associates,35,,Free trade pact,1,193,11,2,https://luptons.com/wp-comments-post.php,Contact; Request Quote; Request a Quote,46,3,"Article, BreadcrumbList, ImageObject, Organization, Person, WebPage, WebSite",,112,65,Free trade pact 04 Jun Free trade pact Posted at 19:43h in News by Lucinda Steinhauser 0 Comments 0 Likes Share Vice President Pence visited Canada to encourage Prime Minister Trudeau to fast track the ratification of the new U.S.-Me
https://luptons.com/gdp-upswing-click-to-keep-reading/,blog post,200,False,False,GDP Upswing - Lupton Associates,31,,GDP Upswing,1,156,10,1,https://luptons.com/wp-comments-post.php,Contact; Request Quote; Request a Quote,46,3,"Article, BreadcrumbList, Organization, Person, WebPage, WebSite",,110,65,GDP Upswing 20 Aug GDP Upswing Posted at 18:26h in News by Lucinda Steinhauser 0 Comments 0 Likes Share The 2020 GDP decline will be reversed by a projected 6% growth in 2021. Growth has been hindered somewhat by the ongoing shortage
https://luptons.com/get-lean-click-to-keep-reading/,blog post,200,False,False,Get Lean - Lupton Associates,28,,Get Lean,1,156,10,1,https://luptons.com/wp-comments-post.php,Contact; Request Quote; Request a Quote,46,3,"Article, BreadcrumbList, Organization, Person, WebPage, WebSite",,110,65,Get Lean 12 Jun Get Lean Posted at 17:59h in News by Lucinda Steinhauser 0 Comments 0 Likes Share Lean manufacturing concepts have been around since the late 1980’s. If you have questions about the basic tenets of lean and how is pla
https://luptons.com/get-your-project-on/,blog post,200,False,False,Get your Project On - Lupton Associates,39,,Get your Project On,1,112,10,1,https://luptons.com/wp-comments-post.php,Contact; Request Quote; Request a Quote,46,3,"Article, BreadcrumbList, Organization, Person, WebPage, WebSite",,110,65,"Get your Project On 25 Sep Get your Project On Posted at 17:44h in News by Lucinda Steinhauser 0 Comments 0 Likes Share If you’re looking for low cost project management software that is mobile friendly, check out monday.com . It’s a"
https://luptons.com/global-shipping-has-the-flu-click-to-keep-reading/,blog post,200,False,False,Global Shipping has the Flu - Lupton Associates,47,,Global Shipping has the Flu,1,271,10,1,https://luptons.com/wp-comments-post.php,Contact; Request Quote; Request a Quote,46,3,"Article, BreadcrumbList, Organization, Person, WebPage, WebSite",,111,65,"Global Shipping has the Flu 13 Feb Global Shipping has the Flu Posted at 20:31h in News by Lucinda Steinhauser 0 Comments 0 Likes Share The spread of the coronavirus in China is impacting global shipping , as shipping companies that "
https://luptons.com/gone-phishing-click-to-keep-reading/,blog post,200,False,False,Gone Phishing - Lupton Associates,33,,Gone Phishing,1,191,10,1,https://luptons.com/wp-comments-post.php,Contact; Request Quote; Request a Quote,46,3,"Article, BreadcrumbList, Organization, Person, WebPage, WebSite",,111,65,"Gone Phishing 12 Jul Gone Phishing Posted at 19:22h in News by Lucinda Steinhauser 0 Comments 2 Likes Share Ransomware attacks are still a threat, and consumers have to be even more diligent when it comes to phishing schemes, as frau"
https://luptons.com/happy-thanksgiving-to-you/,blog post,200,False,False,Happy Holidays - Lupton Associates,34,,Happy Holidays,1,57,10,1,https://luptons.com/wp-comments-post.php,Contact; Request Quote; Request a Quote,47,3,"Article, BreadcrumbList, Organization, Person, WebPage, WebSite",,109,65,Happy Holidays 21 Nov Happy Holidays Posted at 15:40h in News by Lucinda Steinhauser 0 Comments 0 Likes Share Hosting family over the holidays? Invited to a holiday brunch? Download this recipe for a delicious Cranberry Coffee Cake. 
https://luptons.com/happy-thanksgiving/,blog post,200,False,False,Happy Holidays - Lupton Associates,34,,Happy Holidays,1,58,10,1,https://luptons.com/wp-comments-post.php,Contact; Request Quote; Request a Quote,47,3,"Article, BreadcrumbList, Organization, Person, WebPage, WebSite",,109,65,"Happy Holidays 21 Nov Happy Holidays Posted at 15:47h in News by Lucinda Steinhauser 0 Comments 0 Likes Share If you need an update to your traditional pie laden dessert table, give this Apple Caramel Cake a try. A delicious addition"
https://luptons.com/hear-yourself-click-to-keep-reading/,blog post,200,False,False,Hear Yourself - Lupton Associates,33,,Hear Yourself,1,518,11,2,https://luptons.com/wp-comments-post.php,Contact; Request Quote; Request a Quote,46,3,"Article, BreadcrumbList, ImageObject, Organization, Person, WebPage, WebSite",,114,65,"Hear Yourself 13 Dec Hear Yourself Posted at 15:17h in News by Lucinda Steinhauser 0 Comments 0 Likes Share On one side we are asking for a meeting, asking for an opportunity, asking for an update, asking for an order, or asking for "
https://luptons.com/high-tech-manufacturing-in-china-click-to-keep-reading/,blog post,200,False,False,High Tech Manufacturing in China - Lupton Associates,52,,High Tech Manufacturing in China,1,165,10,1,https://luptons.com/wp-comments-post.php,Contact; Request Quote; Request a Quote,46,3,"Article, BreadcrumbList, Organization, Person, WebPage, WebSite",,111,65,"High Tech Manufacturing in China 21 Nov High Tech Manufacturing in China Posted at 15:53h in News by Lucinda Steinhauser 0 Comments 0 Likes Share Adopted in 2016, the Advanced Manufacturing Industry Investment Fund was established to"
https://luptons.com/inflation-in-2021-click-to-keep-reading/,blog post,200,False,False,Inflation in 2021 - Lupton Associates,37,,Inflation in 2021,1,484,10,1,https://luptons.com/wp-comments-post.php,Contact; Request Quote; Request a Quote,46,3,"Article, BreadcrumbList, Organization, Person, WebPage, WebSite",,112,65,Inflation in 2021 12 Jul Inflation in 2021 Posted at 19:08h in News by Lucinda Steinhauser 0 Comments 2 Likes Share Rising Inflation is creating a difficult environment for many job shops. As the economy continues to reopen after the
https://luptons.com/inflations-pesky-cousin-click-to-keep-reading/,blog post,200,False,False,Inflation's Pesky Cousin - Lupton Associates,44,,Inflation’s Pesky Cousin,1,260,10,1,https://luptons.com/wp-comments-post.php,Contact; Request Quote; Request a Quote,46,3,"Article, BreadcrumbList, Organization, Person, WebPage, WebSite",,111,65,"Inflation’s Pesky Cousin 16 Nov Inflation’s Pesky Cousin Posted at 15:59h in News by Lucinda Steinhauser 0 Comments 0 Likes Share Consumers are familiar with inflation, and may also have experienced shrinkflation, where the price of "
https://luptons.com/infrastructure-for-the-win-click-to-keep-reading/,blog post,200,False,False,Infrastructure for the Win - Lupton Associates,46,,Infrastructure for the Win,1,230,10,1,https://luptons.com/wp-comments-post.php,Contact; Request Quote; Request a Quote,46,3,"Article, BreadcrumbList, Organization, Person, WebPage, WebSite",,111,65,Infrastructure for the Win 11 Jan Infrastructure for the Win Posted at 20:29h in News by Lucinda Steinhauser 0 Comments 0 Likes Share A $1.2 trillion dollar Federal investment in infrastructure was recently approved by Congress. It’s
https://luptons.com/its-all-about-change-and-how-you-handle-it-click-to-keep-reading/,blog post,200,False,False,"It's All about Change, and how you handle it - Lupton Associates",64,,"It’s All about Change, and how you handle it",1,549,11,2,https://luptons.com/wp-comments-post.php,Contact; Request Quote; Request a Quote,46,3,"Article, BreadcrumbList, ImageObject, Organization, Person, WebPage, WebSite",,115,65,"It’s All about Change, and how you handle it 03 Jun It’s All about Change, and how you handle it Posted at 13:58h in News by Lucinda Steinhauser 0 Comments 4 Likes Share It’s been a long year since my last article. All I can say is —"
https://luptons.com/its-not-just-tp-click-to-keep-reading/,blog post,200,False,False,It's not just TP - Lupton Associates,36,,It’s not just TP,1,272,10,1,https://luptons.com/wp-comments-post.php,Contact; Request Quote; Request a Quote,46,3,"Article, BreadcrumbList, Organization, Person, WebPage, WebSite",,111,65,"It’s not just TP 04 Nov It’s not just TP Posted at 12:58h in News by Lucinda Steinhauser 0 Comments 0 Likes Share Consumers have grown accustomed to shortages in the grocery store, but hurricanes, frosts, lightning strikes and the li"
https://luptons.com/keep-it-real-click-to-keep-reading/,blog post,200,False,False,Keep it Real! - Lupton Associates,33,,Keep it Real!,1,141,10,1,https://luptons.com/wp-comments-post.php,Contact; Request Quote; Request a Quote,46,3,"Article, BreadcrumbList, Organization, Person, WebPage, WebSite",,111,65,"Keep it Real! 08 Nov Keep it Real! Posted at 16:05h in News by Lucinda Steinhauser 0 Comments 0 Likes Share Passed by Congress in 2005, the REAL ID Act enacted the 9/11 Commission’s recommendation that the Federal Government “set sta"
https://luptons.com/keeping-our-edge-click-to-keep-reading/,blog post,200,False,False,Keeping our Edge - Lupton Associates,36,,Keeping our Edge,1,357,10,1,https://luptons.com/wp-comments-post.php,Contact; Request Quote; Request a Quote,46,3,"Article, BreadcrumbList, Organization, Person, WebPage, WebSite",,112,65,Keeping our Edge 04 Jun Keeping our Edge Posted at 19:37h in News by Lucinda Steinhauser 0 Comments 0 Likes Share The U.S. has enjoyed a long history of innovation that has fueled the rational exuberance of the economy. Three importa
https://luptons.com/labor-shortage-millennials-and-the-future-click-to-keep-reading/,blog post,200,False,False,Labor shortage. Millennials and the future - Lupton Associates,62,,Labor shortage. Millennials and the future,1,506,11,2,https://luptons.com/wp-comments-post.php,Contact; Request Quote; Request a Quote,46,3,"Article, BreadcrumbList, ImageObject, Organization, Person, WebPage, WebSite",,115,65,Labor shortage. Millennials and the future 28 Aug Labor shortage. Millennials and the future Posted at 17:29h in News by Lucinda Steinhauser 0 Comments 1 Like Share Employers all over the country are struggling to find qualified job 
https://luptons.com/lessons-in-collaboration-click-to-keep-reading/,blog post,200,False,False,Lessons in Collaboration - Lupton Associates,44,,Lessons in Collaboration,1,293,10,1,https://luptons.com/wp-comments-post.php,Contact; Request Quote; Request a Quote,46,3,"Article, BreadcrumbList, Organization, Person, WebPage, WebSite",,112,65,"Lessons in Collaboration 16 Jun Lessons in Collaboration Posted at 13:07h in News by Lucinda Steinhauser 0 Comments 0 Likes Share Participants at the Laboratory for Analytic Sciences (LAS), a National Security Agency-funded big data "
https://luptons.com/libra-industries-nist-sp800-171-compliant/,blog post,200,False,False,Libra Industries: NIST SP800-171 Compliant - Lupton Associates,62,,Libra Industries: NIST SP800-171 Compliant,1,275,10,1,https://luptons.com/wp-comments-post.php,Contact; Request Quote; Request a Quote,46,3,"Article, BreadcrumbList, Organization, Person, WebPage, WebSite",,112,65,"Libra Industries: NIST SP800-171 Compliant 27 Dec Libra Industries: NIST SP800-171 Compliant Posted at 16:27h in News by Lucinda Steinhauser 0 Comments 0 Likes Share Libra Industries, an electronics manufacturing services (EMS) provi"
https://luptons.com/life-coach-101-click-to-keep-reading/,blog post,200,False,False,Life Coach 101 - Lupton Associates,34,,Life Coach 101,1,239,10,1,https://luptons.com/wp-comments-post.php,Contact; Request Quote; Request a Quote,46,3,"Article, BreadcrumbList, Organization, Person, WebPage, WebSite",,111,65,"Life Coach 101 19 Apr Life Coach 101 Posted at 16:38h in News by Lucinda Steinhauser 0 Comments 0 Likes Share In their new book, David Novak and Jason Goldsmith illuminate a path to career fulfillment that begins with pursuing joy. T"
https://luptons.com/looking-back-and-moving-forward-click-to-keep-reading/,blog post,200,False,False,Looking Back and Moving Forward - Lupton Associates,51,,Looking Back and Moving Forward,1,717,10,1,https://luptons.com/wp-comments-post.php,Contact; Request Quote; Request a Quote,46,3,"Article, BreadcrumbList, Organization, Person, WebPage, WebSite",,115,65,"Looking Back and Moving Forward 16 Sep Looking Back and Moving Forward Posted at 15:48h in News by Lucinda Steinhauser 0 Comments 1 Like Share As we all know, 2020 has been a challenging year in many ways. For the employees of Lupton"
https://luptons.com/lupton-associates-growing-in-the-western-states-click-to-keep-reading/,blog post,200,False,False,Lupton Associates: Growing in the Western States - Lupton Associates,68,,Lupton Associates: Growing in the Western States,1,146,10,1,https://luptons.com/wp-comments-post.php,Contact; Request Quote; Request a Quote,46,3,"Article, BreadcrumbList, Organization, Person, WebPage, WebSite",,111,65,Lupton Associates: Growing in the Western States 03 Mar Lupton Associates: Growing in the Western States Posted at 19:18h in News by Lucinda Steinhauser 0 Comments 3 Likes Share Lupton Associates is excited to announce that Kurt Bell
https://luptons.com/manufacturing-changes-on-the-horizon-click-to-keep-reading/,blog post,200,False,False,Manufacturing Changes on the Horizon - Lupton Associates,56,,Manufacturing Changes on the Horizon,1,373,10,1,https://luptons.com/wp-comments-post.php,Contact; Request Quote; Request a Quote,46,3,"Article, BreadcrumbList, Organization, Person, WebPage, WebSite",,112,65,"Manufacturing Changes on the Horizon 19 Apr Manufacturing Changes on the Horizon Posted at 19:59h in News by Lucinda Steinhauser 0 Comments 2 Likes Share Manufacturing, which in many places hasn’t fundamentally changed in hundreds of"
https://luptons.com/manufacturing-in-2019-click-to-keep-reading/,blog post,200,False,False,Manufacturing in 2019 - Lupton Associates,41,,Manufacturing in 2019,1,138,10,1,https://luptons.com/wp-comments-post.php,Contact; Request Quote; Request a Quote,46,3,"Article, BreadcrumbList, Organization, Person, WebPage, WebSite",,110,65,"Manufacturing in 2019 03 Oct Manufacturing in 2019 Posted at 14:02h in News by Lucinda Steinhauser 0 Comments 0 Likes Share While manufacturing is in the midst of a very solid year, a few storm clouds are gathering in the sky. Rising"
https://luptons.com/manufacturing-worker-shortfall-click-to-keep-reading/,blog post,200,False,False,Manufacturing Worker Shortfall - Lupton Associates,50,,Manufacturing Worker Shortfall,1,298,10,1,https://luptons.com/wp-comments-post.php,Contact; Request Quote; Request a Quote,46,3,"Article, BreadcrumbList, Organization, Person, WebPage, WebSite",,112,65,"Manufacturing Worker Shortfall 27 Feb Manufacturing Worker Shortfall Posted at 18:43h in News by Lucinda Steinhauser 0 Comments 0 Likes Share A recent Deloitte study projects that by 2025, there will be a 2 million fewer workers than"
https://luptons.com/mars-revealed-click-to-keep-reading/,blog post,200,False,False,Mars revealed - Lupton Associates,33,,Mars revealed,1,264,10,1,https://luptons.com/wp-comments-post.php,Contact; Request Quote; Request a Quote,46,3,"Article, BreadcrumbList, Organization, Person, WebPage, WebSite",,111,65,"Mars revealed 04 Dec Mars revealed Posted at 20:34h in News by Lucinda Steinhauser 0 Comments 0 Likes Share If you’ve been wondering what NASA has been up to, it turns out they have been busy trying to get a lander to Mars. The InSig"
https://luptons.com/medical-device-excise-tax-mdet-click-to-keep-reading/,blog post,200,False,False,Medical Device Excise Tax (MDET) - Lupton Associates,52,,Medical Device Excise Tax (MDET),1,250,10,1,https://luptons.com/wp-comments-post.php,Contact; Request Quote; Request a Quote,46,3,"Article, BreadcrumbList, Organization, Person, WebPage, WebSite",,112,65,Medical Device Excise Tax (MDET) 08 Nov Medical Device Excise Tax (MDET) Posted at 15:55h in News by Lucinda Steinhauser 0 Comments 0 Likes Share Chinese Tariffs aren’t the only reason that CEO’s are worried about their profits and a
https://luptons.com/mids-and-ldst-click-to-keep-reading/,blog post,200,False,False,MIDs and LDST - Lupton Associates,33,,MIDs and LDST,1,408,10,1,https://luptons.com/wp-comments-post.php,Contact; Request Quote; Request a Quote,46,3,"Article, BreadcrumbList, Organization, Person, WebPage, WebSite",,112,65,"MIDs and LDST 08 Aug MIDs and LDST Posted at 15:13h in News by Lucinda Steinhauser 0 Comments 0 Likes Share Like many of you, I have been aware of Molded Interconnect Devices (MIDs) for quite some time. However, it wasn’t until about"
https://luptons.com/nafta-before-and-after-click-to-keep-reading/,blog post,200,False,False,NAFTA Before and After - Lupton Associates,42,,NAFTA Before and After,1,227,11,2,https://luptons.com/wp-comments-post.php,Contact; Request Quote; Request a Quote,46,3,"Article, BreadcrumbList, ImageObject, Organization, Person, WebPage, WebSite",,113,65,"NAFTA Before and After 13 Feb NAFTA Before and After Posted at 20:35h in News by Lucinda Steinhauser 0 Comments 0 Likes Share The revised North American Free Trade Act (North American Trade Pact) was passed by Congress in December, 2"
https://luptons.com/nail-your-video-conference-click-to-keep-reading/,blog post,200,False,False,Nail your Video Conference - Lupton Associates,46,,Nail your Video Conference,1,247,10,1,https://luptons.com/wp-comments-post.php,Contact; Request Quote; Request a Quote,46,3,"Article, BreadcrumbList, Organization, Person, WebPage, WebSite",,112,65,"Nail your Video Conference 24 Mar Nail your Video Conference Posted at 19:01h in News by Lucinda Steinhauser 0 Comments 0 Likes Share If you are in a customer facing role, you may find yourself scheduling more video conferences, in l"
https://luptons.com/optimism-is-in-the-air-click-to-keep-reading/,blog post,200,False,False,Optimism is in the Air - Lupton Associates,42,,Optimism is in the Air,1,187,10,1,https://luptons.com/wp-comments-post.php,Contact; Request Quote; Request a Quote,46,3,"Article, BreadcrumbList, Organization, Person, WebPage, WebSite",,111,65,Optimism is in the Air 24 Mar Optimism is in the Air Posted at 15:47h in News by Lucinda Steinhauser 0 Comments 0 Likes Share The National Association of Manufacturers ( NAM ) surveyed its members and reports that most U.S. manufactu
https://luptons.com/pandemic-lessons-learned-click-to-keep-reading/,blog post,200,False,False,Pandemic Lessons Learned - Lupton Associates,44,,Pandemic Lessons Learned,1,456,10,1,https://luptons.com/wp-comments-post.php,Contact; Request Quote; Request a Quote,46,3,"Article, BreadcrumbList, Organization, Person, WebPage, WebSite",,113,65,"Pandemic Lessons Learned 30 Jul Pandemic Lessons Learned Posted at 18:59h in News by Lucinda Steinhauser 0 Comments 0 Likes Share For Chris Stevens, Industry Week contributor, 2020 is a year that has necessitated so much change that "
https://luptons.com/past-due-for-trouble-click-to-keep-reading/,blog post,200,False,False,Past due for Trouble? - Lupton Associates,41,,Past due for Trouble?,1,278,10,1,https://luptons.com/wp-comments-post.php,Contact; Request Quote; Request a Quote,46,3,"Article, BreadcrumbList, Organization, Person, WebPage, WebSite",,111,65,"Past due for Trouble? 08 Aug Past due for Trouble? Posted at 18:54h in News by Lucinda Steinhauser 0 Comments 0 Likes Share The U.S. is about to set an economic record. In July, the U.S. will have enjoyed a 10-year economic expansion"
https://luptons.com/pent-up-click-to-keep-reading/,blog post,200,False,False,Pent Up - Lupton Associates,27,,Pent Up,1,302,10,1,https://luptons.com/wp-comments-post.php,Contact; Request Quote; Request a Quote,46,3,"Article, BreadcrumbList, Organization, Person, WebPage, WebSite",,111,65,Pent Up 03 Mar Pent Up Posted at 19:09h in News by Lucinda Steinhauser 0 Comments 3 Likes Share The Kiplinger Letter expects a big jump in consumer spending as more U.S. citizens are vaccinated against COVID-19. There is a pent up de
https://luptons.com/practice-with-deliberation-click-to-read-more/,blog post,200,False,False,Practice with Deliberation - Lupton Associates,46,,Practice with Deliberation,1,296,10,1,https://luptons.com/wp-comments-post.php,Contact; Request Quote; Request a Quote,46,3,"Article, BreadcrumbList, Organization, Person, WebPage, WebSite",,112,65,"Practice with Deliberation 06 Nov Practice with Deliberation Posted at 20:16h in News by Lucinda Steinhauser 0 Comments 0 Likes Share We have all heard the old adage “Practice makes perfect.” Malcolm Gladwell’s 2008 book, Outliers: T"
https://luptons.com/pressure-forming-and-a-whole-lot-more-click-to-keep-reading/,blog post,200,False,False,Pressure Forming and a Whole Lot More! - Lupton Associates,58,,Pressure Forming and a Whole Lot More!,1,162,11,2,https://luptons.com/wp-comments-post.php,Contact; Request Quote; Request a Quote; contact,46,3,"Article, BreadcrumbList, ImageObject, Organization, Person, WebPage, WebSite",,113,65,Pressure Forming and a Whole Lot More! 08 Aug Pressure Forming and a Whole Lot More! Posted at 15:34h in News by Lucinda Steinhauser 0 Comments 0 Likes Share When a medical device company was looking for a partner to manufacture a re
https://luptons.com/product-launch-pacing-click-to-keep-reading/,blog post,200,True,True,Product Launch Pacing - Lupton Associates,41,,Product Launch Pacing,1,292,10,1,https://luptons.com/wp-comments-post.php,Contact; Request Quote; Request a Quote,46,3,"Article, BreadcrumbList, Organization, Person, WebPage, WebSite",https://luptons.com/product-launch-pacing-click-to-keep-reading/,112,65,"Product Launch Pacing 27 Aug Product Launch Pacing Posted at 15:42h in News by Lucinda Steinhauser 0 Comments 0 Likes Share Researchers at Georgia State University, V. Kumar and his colleagues, considered how Apple, the most successf"
https://luptons.com/protecting-your-work-environment-click-to-keep-reading/,blog post,200,False,False,Protecting your Work Environment - Lupton Associates,52,,Protecting your Work Environment,1,137,10,1,https://luptons.com/wp-comments-post.php,Contact; Contact us; Request Quote; Request a Quote,46,3,"Article, BreadcrumbList, Organization, Person, WebPage, WebSite",,111,65,"Protecting your Work Environment 22 May Protecting your Work Environment Posted at 12:27h in News by Lucinda Steinhauser 0 Comments 0 Likes Share If you are complying with CDC recommendations, and need to install sneeze guards (plexi"
https://luptons.com/put-linkedin-to-work-click-to-keep-reading/,blog post,200,False,False,Put LinkedIn to Work - Lupton Associates,40,,Put LinkedIn to Work,1,413,11,2,https://luptons.com/wp-comments-post.php,Contact; Request Quote; Request a Quote,46,3,"Article, BreadcrumbList, ImageObject, Organization, Person, WebPage, WebSite",,113,65,"Put LinkedIn to Work 16 Feb Put LinkedIn to Work Posted at 16:14h in News by Lucinda Steinhauser 0 Comments 0 Likes Share LinkedIn is having a moment. Just like Facebook five years ago, the platform is finding new content creators an"
https://luptons.com/q3-gdp-click-to-keep-reading/,blog post,200,False,False,Q3 GDP - Lupton Associates,26,,Q3 GDP,1,192,10,1,https://luptons.com/wp-comments-post.php,Contact; Request Quote; Request a Quote,46,3,"Article, BreadcrumbList, Organization, Person, WebPage, WebSite",,110,65,"Q3 GDP 11 Nov Q3 GDP Posted at 15:47h in News by Lucinda Steinhauser 0 Comments 0 Likes Share The advance estimate for real gross domestic product ( third quarter, 2020 ) increased by 33.1%. The real GDP decreased by 31.4% in the sec"
https://luptons.com/ramping-up-covid-19-testing-click-to-keep-reading/,blog post,200,False,False,Ramping up COVID-19 Testing - Lupton Associates,47,,Ramping up COVID-19 Testing,1,503,11,2,https://luptons.com/wp-comments-post.php,Contact; Request Quote; Request a Quote,46,3,"Article, BreadcrumbList, ImageObject, Organization, Person, WebPage, WebSite",,114,65,Ramping up COVID-19 Testing 25 Jun Ramping up COVID-19 Testing Posted at 14:11h in News by Lucinda Steinhauser 0 Comments 0 Likes Share Most people have been very frustrated with the amount of time it has taken to implement widesprea
https://luptons.com/record-breaking-deficit-click-to-keep-reading/,blog post,200,False,False,Record Breaking Deficit - Lupton Associates,43,,Record Breaking Deficit,1,247,10,1,https://luptons.com/wp-comments-post.php,Contact; Request Quote; Request a Quote,46,3,"Article, BreadcrumbList, Organization, Person, WebPage, WebSite",,111,65,"Record Breaking Deficit 24 Mar Record Breaking Deficit Posted at 16:02h in News by Lucinda Steinhauser 0 Comments 0 Likes Share The U.S. is breaking a record that is nothing to boast about. In 2020, the U.S. budget deficit was $3.1 t"
https://luptons.com/reflections-from-my-first-year-click-to-keep-reading/,blog post,200,False,False,Reflections from my First Year - Lupton Associates,50,,Reflections from my First Year,1,408,11,2,https://luptons.com/wp-comments-post.php,Contact; Request Quote; Request a Quote,46,3,"Article, BreadcrumbList, ImageObject, Organization, Person, WebPage, WebSite",,113,65,"Reflections from my First Year 10 Aug Reflections from my First Year Posted at 18:49h in News by Lucinda Steinhauser 0 Comments 0 Likes Share In September of 2020, I was given the incredible opportunity to be a part of the Lupton Ass"
https://luptons.com/resources/automated-pharmaceutical-dispensing-machine-structural-frame/,blog post,200,True,True,Automated Pharmaceutical Dispensing Machine Structural Frame | Lupton Associates,80,"A structural support frame for an automated pharmaceutical dispensing machine required tight mounting-point and hole-location tolerances, controlled beam t",Automated Pharmaceutical Dispensing Machine Structural Frame,1,199,10,1,,Contact; Download the original case study (PDF); Request Quote; Request a Quote; Start the Manufacturing Path and RFQ,46,2,"Article, BreadcrumbList, Organization, WebPage, WebSite",https://luptons.com/resources/automated-pharmaceutical-dispensing-machine-structural-frame/,106,64,"Automated Pharmaceutical Dispensing Machine Structural Frame Project overview A structural support frame for an automated pharmaceutical dispensing machine required tight mounting-point and hole-location tolerances, controlled beam t"
https://luptons.com/resources/contract-manufacturing-cryogenic-vacuum-pump/,blog post,200,True,True,Contract Manufacturing for a Cryogenic Vacuum Pump | Lupton Associates,70,"This high-mix and high-volume contract-manufacturing program supported a cryogenic vacuum pump with embedded microprocessors for performance, diagnostics,",Contract Manufacturing for a Cryogenic Vacuum Pump,1,158,10,1,,Contact; Download the original case study (PDF); Request Quote; Request a Quote; Start the Manufacturing Path and RFQ,46,2,"Article, BreadcrumbList, Organization, WebPage, WebSite",https://luptons.com/resources/contract-manufacturing-cryogenic-vacuum-pump/,106,64,"Contract Manufacturing for a Cryogenic Vacuum Pump Project overview This high-mix and high-volume contract-manufacturing program supported a cryogenic vacuum pump with embedded microprocessors for performance, diagnostics, and commun"
https://luptons.com/resources/short-run-stamping-part-conversion/,blog post,200,True,True,Short-Run Stamping Part Conversion Case Study | Lupton Associates,65,A recreational-industry detail part was converted from soft-tool turret production to short-run stamping to reduce annual piece-part cost while keeping too,Short-Run Stamping Part Conversion Case Study,1,203,10,1,,Contact; Download the original case study (PDF); Request Quote; Request a Quote; Start the Manufacturing Path and RFQ,46,4,"Article, BreadcrumbList, Organization, WebPage, WebSite",https://luptons.com/resources/short-run-stamping-part-conversion/,106,64,Short-Run Stamping Part Conversion Case Study Project overview A recreational-industry detail part was converted from soft-tool turret production to short run metal stamping to reduce annual piece-part cost while keeping tooling and 
https://luptons.com/robots-are-doing-what-click-to-keep-reading/,blog post,200,False,False,Robots are Doing What? - Lupton Associates,42,,Robots are Doing What?,1,508,10,1,https://luptons.com/wp-comments-post.php,Contact; Request Quote; Request a Quote,46,3,"Article, BreadcrumbList, Organization, Person, WebPage, WebSite",,113,65,"Robots are Doing What? 24 Mar Robots are Doing What? Posted at 18:54h in News by Lucinda Steinhauser 0 Comments 0 Likes Share Everything we read, hear, discuss and see seems to be related to the pandemic that has affected each of our"
https://luptons.com/sealing-flow-and-material-technologies-at-significant-savings-click-to-keep-reading/,blog post,200,False,False,"Sealing, Flow and Material Technologies at Significant Savings - Lupton Associates",82,,"Sealing, Flow and Material Technologies  at Significant Savings",1,250,10,1,https://luptons.com/wp-comments-post.php,Contact; Request Quote; Request a Quote; contact,46,3,"Article, BreadcrumbList, Organization, Person, WebPage, WebSite",,113,65,"Sealing, Flow and Material Technologies at Significant Savings 27 Jun Sealing, Flow and Material Technologies at Significant Savings Posted at 18:18h in News by Lucinda Steinhauser 0 Comments 0 Likes Share USA Sealing manufactures an"
https://luptons.com/shipping-costs-in-2022-click-to-keep-reading/,blog post,200,False,False,Shipping costs in 2022 - Lupton Associates,42,,Shipping costs in 2022,1,204,10,1,https://luptons.com/wp-comments-post.php,Contact; Request Quote; Request a Quote,46,3,"Article, BreadcrumbList, Organization, Person, WebPage, WebSite",,111,65,"Shipping costs in 2022 08 Sep Shipping costs in 2022 Posted at 18:18h in News by Lucinda Steinhauser 0 Comments 0 Likes Share The surge in shipping costs will level off this year, and gradually decrease in 2022. Those with contracts "
https://luptons.com/shipping-crunch-continues-click-to-keep-reading/,blog post,200,False,False,Shipping Crunch Continues - Lupton Associates,45,,Shipping Crunch Continues,1,166,10,1,https://luptons.com/wp-comments-post.php,Contact; Request Quote; Request a Quote,46,3,"Article, BreadcrumbList, Organization, Person, WebPage, WebSite",,111,65,Shipping Crunch Continues 29 Sep Shipping Crunch Continues Posted at 19:27h in News by Lucinda Steinhauser 0 Comments 0 Likes Share Many retailers are scrambling to bring in goods prior to the holiday shopping season creating severe 
https://luptons.com/shipping-today-click-to-keep-reading/,blog post,200,False,False,Shipping Today - Lupton Associates,34,,Shipping Today,1,142,10,1,https://luptons.com/wp-comments-post.php,Contact; Request Quote; Request a Quote,46,3,"Article, BreadcrumbList, Organization, Person, WebPage, WebSite",,111,65,"Shipping Today 21 Nov Shipping Today Posted at 15:55h in News by Lucinda Steinhauser 0 Comments 0 Likes Share If you’re shipping to consumers, you may want to pay attention to some National Retail Federation stats: 75% of consumers e"
https://luptons.com/shortages-how-much-longer-click-to-keep-reading/,blog post,200,False,False,Shortages! How much longer? - Lupton Associates,47,,Shortages! How much longer?,1,236,10,1,https://luptons.com/wp-comments-post.php,Contact; Request Quote; Request a Quote,46,3,"Article, BreadcrumbList, Organization, Person, WebPage, WebSite",,111,65,Shortages! How much longer? 10 Aug Shortages! How much longer? Posted at 19:18h in News by Lucinda Steinhauser 0 Comments 0 Likes Share Here are the Kiplinger Letter predictions on how long the current marketplace shortages will cont
https://luptons.com/slay-the-intro-click-to-keep-reading/,blog post,200,False,False,Slay the Intro - Lupton Associates,34,,Slay the Intro,1,115,10,1,https://luptons.com/wp-comments-post.php,Contact; Request Quote; Request a Quote,46,3,"Article, BreadcrumbList, Organization, Person, WebPage, WebSite",,110,65,Slay the Intro 12 Jun Slay the Intro Posted at 17:48h in News by Lucinda Steinhauser 0 Comments 0 Likes Share Do you have trouble remembering names? Check out this Science of People’s post on a technique that will help you remember s
https://luptons.com/slow-going-click-to-keep-reading/,blog post,200,False,False,Slow Going - Lupton Associates,30,,Slow Going,1,166,10,1,https://luptons.com/wp-comments-post.php,Contact; Request Quote; Request a Quote,46,3,"Article, BreadcrumbList, Organization, Person, WebPage, WebSite",,110,65,"Slow Going 25 Sep Slow Going Posted at 17:41h in News by Lucinda Steinhauser 0 Comments 0 Likes Share Factory activity is weakening, in part due to the uncertainty related to the trade war. Inventory growth is slim, an indicator that"
https://luptons.com/slumping-commodity-prices/,blog post,200,False,False,Slumping Commodity Prices - Lupton Associates,45,,Slumping Commodity Prices,1,155,10,1,https://luptons.com/wp-comments-post.php,Contact; Request Quote; Request a Quote,46,3,"Article, BreadcrumbList, Organization, Person, WebPage, WebSite",,110,65,Slumping Commodity Prices 27 Feb Slumping Commodity Prices Posted at 19:37h in News by Lucinda Steinhauser 0 Comments 0 Likes Share Kiplinger Letter sees commodity prices staying soft for at least the first half of 2019. The health o
https://luptons.com/smart-manufacturing-click-to-keep-reading/,blog post,200,True,True,Smart Manufacturing - Lupton Associates,39,,Smart Manufacturing,1,396,11,2,https://luptons.com/wp-comments-post.php,Contact; Request Quote; Request a Quote,46,3,"Article, BreadcrumbList, ImageObject, Organization, Person, WebPage, WebSite",https://luptons.com/smart-manufacturing-click-to-keep-reading/,114,65,Smart Manufacturing 12 Oct Smart Manufacturing Posted at 19:15h in News by Lucinda Steinhauser 0 Comments 0 Likes Share Staying aware of market and industry trends is vital to remaining competitive and relevant for any organization. 
https://luptons.com/soul-food-click-to-keep-reading/,blog post,200,False,False,Soul Food - Lupton Associates,29,,Soul Food,1,280,10,1,https://luptons.com/wp-comments-post.php,Contact; Request Quote; Request a Quote,46,3,"Article, BreadcrumbList, Organization, Person, WebPage, WebSite",,111,65,"Soul Food 25 Sep Soul Food Posted at 17:28h in News by Lucinda Steinhauser 0 Comments 0 Likes Share Taking vacations is always fun, but did you know that it’s also good for you? A 2002 study found that planning a vacation added to a "
https://luptons.com/spotlight-on-emp-manufacturing-with-intent-click-to-keep-reading/,blog post,200,False,False,Spotlight on EMP: Manufacturing with intent - Lupton Associates,63,,Spotlight on EMP: Manufacturing with intent,1,161,13,4,https://luptons.com/wp-comments-post.php,Contact; Request Quote; Request a Quote,46,3,"Article, BreadcrumbList, ImageObject, Organization, Person, WebPage, WebSite",,114,65,"Spotlight on EMP: Manufacturing with intent 02 Sep Spotlight on EMP: Manufacturing with intent Posted at 13:58h in News by Lucinda Steinhauser 0 Comments 0 Likes Share Electro-Mechanical Products, Inc. (EMP) is a leading manufacturer"
https://luptons.com/stay-in-the-know-click-to-keep-reading/,blog post,200,False,False,Stay in the Know - Lupton Associates,36,,Stay in the Know,1,184,10,1,https://luptons.com/wp-comments-post.php,Contact; Request Quote; Request a Quote,46,3,"Article, BreadcrumbList, Organization, Person, WebPage, WebSite",,111,65,Stay in the Know 22 May Stay in the Know Posted at 12:30h in News by Lucinda Steinhauser 0 Comments 0 Likes Share The U.S. Equal Employment Opportunity Commission (EEOC) has issued changes to its workplace guidance to help prevent wo
https://luptons.com/staying-connected-click-to-keep-reading/,blog post,200,False,False,Staying Connected - Lupton Associates,37,,Staying Connected,1,587,10,1,https://luptons.com/wp-comments-post.php,Contact; Request Quote; Request a Quote,46,3,"Article, BreadcrumbList, Organization, Person, WebPage, WebSite",,113,65,"Staying Connected 22 May Staying Connected Posted at 12:22h in News by Lucinda Steinhauser 0 Comments 0 Likes Share Even though the majority of the population is under stay at home orders, the world-wide web and social media has allo"
https://luptons.com/stress-doesnt-come-for-free-click-to-keep-reading/,blog post,200,False,False,Stress doesn't come for Free - Lupton Associates,48,,Stress doesn’t come for Free,1,189,10,1,https://luptons.com/wp-comments-post.php,Contact; Request Quote; Request a Quote; TED talk,46,3,"Article, BreadcrumbList, Organization, Person, WebPage, WebSite",,111,65,Stress doesn’t come for Free 12 May Stress doesn’t come for Free Posted at 20:19h in News by Lucinda Steinhauser 0 Comments 82 Likes Share Have you seen Rob Cooke’s TED Talk about the cost of stress in the workplace? Stress impacts p
https://luptons.com/super-ager-habits-click-to-keep-reading/,blog post,200,False,False,Super Ager Habits - Lupton Associates,37,,Super Ager Habits,1,304,11,2,https://luptons.com/wp-comments-post.php,Contact; Request Quote; Request a Quote,46,3,"Article, BreadcrumbList, ImageObject, Organization, Person, WebPage, WebSite",,114,65,Super Ager Habits 27 Feb Super Ager Habits Posted at 18:59h in News by Lucinda Steinhauser 0 Comments 0 Likes Share What are some of the secrets of aging well? Recent studies have illuminated a few characteristics of people that have
https://luptons.com/supplier-relationship-management-click-to-keep-reading/,blog post,200,False,False,Supplier Relationship Management - Lupton Associates,52,,Supplier Relationship Management,1,723,10,1,https://luptons.com/wp-comments-post.php,Contact; Request Quote; Request a Quote,46,3,"Article, BreadcrumbList, Organization, Person, WebPage, WebSite",,115,65,"Supplier Relationship Management 04 Nov Supplier Relationship Management Posted at 12:54h in News by Lucinda Steinhauser 0 Comments 0 Likes Share 2021 has been a difficult year for the supply chain: long lead times, short supply and "
https://luptons.com/supply-chain-disruptions-during-a-pandemic-click-to-keep-reading/,blog post,200,False,False,Supply Chain Disruptions During a Pandemic - Lupton Associates,62,,Supply Chain Disruptions During a Pandemic,1,437,11,2,https://luptons.com/wp-comments-post.php,Contact; Request Quote; Request a Quote,46,3,"Article, BreadcrumbList, ImageObject, Organization, Person, WebPage, WebSite",,115,65,"Supply Chain Disruptions During a Pandemic 03 Mar Supply Chain Disruptions During a Pandemic Posted at 19:12h in News by Lucinda Steinhauser 0 Comments 3 Likes Share Early on, at the start of the COVID-19 outbreak, businesses were fo"
https://luptons.com/surf-clean-in-2019-click-to-keep-reading/,blog post,200,False,False,Surf clean in 2019 - Lupton Associates,38,,Surf clean in 2019,1,228,10,1,https://luptons.com/wp-comments-post.php,Contact; Request Quote; Request a Quote,46,3,"Article, BreadcrumbList, Organization, Person, WebPage, WebSite",,111,65,"Surf clean in 2019 24 Jan Surf clean in 2019 Posted at 16:34h in News by Lucinda Steinhauser 0 Comments 0 Likes Share Here are some great tips on avoiding hackers, data breaches and malware attacks in 2019: Set boundaries and stick w"
https://luptons.com/tariff-showdown-click-to-keep-reading/,blog post,200,False,False,Tariff Showdown - Lupton Associates,35,,Tariff Showdown,1,325,10,1,https://luptons.com/wp-comments-post.php,Contact; Request Quote; Request a Quote,46,3,"Article, BreadcrumbList, Organization, Person, WebPage, WebSite",,112,65,"Tariff Showdown 27 Aug Tariff Showdown Posted at 15:17h in News by Lucinda Steinhauser 0 Comments 0 Likes Share As an economic strategy, tariffs can be an effective way to test your trading partner’s willingness to retaliate. Ethan H"
https://luptons.com/the-benefits-of-asset-tracking-click-to-keep-reading/,blog post,200,False,False,The Benefits of Asset Tracking - Lupton Associates,50,,The Benefits of Asset Tracking,1,423,12,3,https://luptons.com/wp-comments-post.php,Contact; Request Quote; Request a Quote,46,3,"Article, BreadcrumbList, ImageObject, Organization, Person, WebPage, WebSite",,115,65,The Benefits of Asset Tracking 08 Nov The Benefits of Asset Tracking Posted at 19:34h in News by Lucinda Steinhauser 1 Comment 0 Likes Share While the top 100 manufacturing companies continually focus on lean processes and capitalizi
https://luptons.com/the-covid-19-economy-click-to-keep-reading/,blog post,200,False,False,The COVID-19 Economy - Lupton Associates,40,,The COVID-19 Economy,1,205,10,1,https://luptons.com/wp-comments-post.php,Contact; Request Quote; Request a Quote,46,3,"Article, BreadcrumbList, Organization, Person, WebPage, WebSite",,111,65,The COVID-19 Economy 22 May The COVID-19 Economy Posted at 12:14h in News by Lucinda Steinhauser 0 Comments 0 Likes Share How will the pandemic affect the global economy? The Kiplinger Letter suggests that we can expect a GDP decline
https://luptons.com/the-importance-of-looking-forward-click-to-keep-reading/,blog post,200,False,False,The Importance of Looking Forward - Lupton Associates,53,,The Importance of Looking Forward,1,289,11,2,https://luptons.com/wp-comments-post.php,Contact; Request Quote; Request a Quote,46,3,"Article, BreadcrumbList, ImageObject, Organization, Person, WebPage, WebSite",,113,65,"The Importance of Looking Forward 11 Jan The Importance of Looking Forward Posted at 20:21h in News by Lucinda Steinhauser 0 Comments 0 Likes Share The last few years have been challenging, to say the least. Our manufacturers and cus"
https://luptons.com/the-new-airline-travel-normal-click-to-keep-reading/,blog post,200,False,False,The new (airline travel) normal - Lupton Associates,51,,The new (airline travel) normal,1,317,10,1,https://luptons.com/wp-comments-post.php,Contact; Request Quote; Request a Quote,46,3,"Article, BreadcrumbList, Organization, Person, WebPage, WebSite",,112,65,The new (airline travel) normal 25 Jun The new (airline travel) normal Posted at 14:22h in News by Lucinda Steinhauser 0 Comments 0 Likes Share What’s in store for you the next time that you fly? Industry experts suggest that airline
https://luptons.com/the-overgrown-deficit-click-to-keep-reading/,blog post,200,False,False,The Overgrown Deficit - Lupton Associates,41,,The Overgrown Deficit,1,312,11,2,https://luptons.com/wp-comments-post.php,Contact; Request Quote; Request a Quote,46,3,"Article, BreadcrumbList, ImageObject, Organization, Person, WebPage, WebSite",,112,65,"The Overgrown Deficit 03 Jun The Overgrown Deficit Posted at 14:06h in News by Lucinda Steinhauser 0 Comments 84 Likes Share In the aftermath of the pandemic, the national debt is soaring. The trillions of dollars in stimulus spendin"
https://luptons.com/the-urbanization-of-chinas-interior-click-to-keep-reading/,blog post,200,False,False,The Urbanization of China’s Interior - Lupton Associates,56,,The Urbanization of China’s Interior,1,360,10,1,https://luptons.com/wp-comments-post.php,Contact; Request Quote; Request a Quote,46,3,"Article, BreadcrumbList, Organization, Person, WebPage, WebSite",,112,65,"The Urbanization of China’s Interior 23 Apr The Urbanization of China’s Interior Posted at 16:28h in News by Lucinda Steinhauser 0 Comments 1 Like Share Since 1958, China has used a residency permit (hukou) that determines where you "
https://luptons.com/the-working-post-covid-world-click-to-keep-reading/,blog post,200,False,False,The Working (post-COVID) World - Lupton Associates,50,,The Working (post-COVID) World,1,161,10,1,https://luptons.com/wp-comments-post.php,Contact; Request Quote; Request a Quote,46,3,"Article, BreadcrumbList, Organization, Person, WebPage, WebSite",,111,65,The Working (post-COVID) World 29 Sep The Working (post-COVID) World Posted at 19:28h in News by Lucinda Steinhauser 0 Comments 0 Likes Share Have you seen this TED interview with Simon Sinek? Chris Anderson poses some thought provok
https://luptons.com/thixomolding-click-to-keep-reading/,blog post,200,True,True,Thixomolding - Lupton Associates,32,,Thixomolding,1,244,10,1,https://luptons.com/wp-comments-post.php,Contact; Request Quote; Request a Quote,46,3,"Article, BreadcrumbList, Organization, Person, WebPage, WebSite",https://luptons.com/thixomolding-click-to-keep-reading/,111,65,Thixomolding 06 Nov Thixomolding Posted at 20:26h in News by Lucinda Steinhauser 0 Comments 0 Likes Share The thixomolding process is similar to plastic injection molding using magnesium alloy in place of a plastic resin. This techno
https://luptons.com/todays-relationship-building-click-to-keep-reading/,blog post,200,False,False,Today's Relationship Building - Lupton Associates,49,,Today’s Relationship Building,1,442,11,2,https://luptons.com/wp-comments-post.php,Contact; Request Quote; Request a Quote,46,3,"Article, BreadcrumbList, ImageObject, Organization, Person, WebPage, WebSite",,114,65,"Today’s Relationship Building 06 Nov Today’s Relationship Building Posted at 21:09h in News by Lucinda Steinhauser 0 Comments 1 Like Share While so much of our everyday lives are conducted online, it is still important to me to build"
https://luptons.com/toward-or-away-click-to-keep-reading/,blog post,200,False,False,Toward or Away - Lupton Associates,34,,Toward or Away,1,369,10,1,https://luptons.com/wp-comments-post.php,Contact; Request Quote; Request a Quote,46,3,"Article, BreadcrumbList, Organization, Person, WebPage, WebSite",,111,65,"Toward or Away 21 Dec Toward or Away Posted at 20:40h in News by Lucinda Steinhauser 0 Comments 0 Likes Share When an unpredictable marketplace emerges, it can be difficult to reproduce past success. If we choose what used to be, wha"
https://luptons.com/trade-deficit-decline-click-to-keep-reading/,blog post,200,False,False,Trade Deficit Decline - Lupton Associates,41,,Trade Deficit Decline,1,221,10,1,https://luptons.com/wp-comments-post.php,Contact; Request Quote; Request a Quote,46,3,"Article, BreadcrumbList, Organization, Person, WebPage, WebSite",,111,65,"Trade Deficit Decline 03 May Trade Deficit Decline Posted at 16:49h in News by Lucinda Steinhauser 0 Comments 0 Likes Share The Commerce Department reported that the trade deficit fell in February to to $49.4 billion (3.4%), marking "
https://luptons.com/trade-tensions-dissipating-click-to-keep-reading/,blog post,200,False,False,Trade Tensions Dissipating - Lupton Associates,46,,Trade Tensions Dissipating,1,190,10,1,https://luptons.com/wp-comments-post.php,Contact; Request Quote; Request a Quote,46,3,"Article, BreadcrumbList, Organization, Person, WebPage, WebSite",,111,65,"Trade Tensions Dissipating 19 Apr Trade Tensions Dissipating Posted at 19:28h in News by Lucinda Steinhauser 0 Comments 1 Like Share The U.S. and the EU have suspended tariffs for four months on $11.5 billion of each other’s goods, w"
https://luptons.com/trade-war-woes-click-to-keep-reading/,blog post,200,False,False,Trade war woes - Lupton Associates,34,,Trade war woes,1,212,10,1,https://luptons.com/wp-comments-post.php,Contact; Request Quote; Request a Quote,46,3,"Article, BreadcrumbList, Organization, Person, WebPage, WebSite",,111,65,"Trade war woes 06 Nov Trade war woes Posted at 20:42h in News by Lucinda Steinhauser 0 Comments 0 Likes Share Touted as the new NAFTA, President Trump struck a deal with Mexico and Canada in September, 2018. The USMCA (U.S-Mexico-Can"
https://luptons.com/trump-vs-china-click-to-keep-reading/,blog post,200,False,False,Trump vs. China - Lupton Associates,35,,Trump vs. China,1,266,10,1,https://luptons.com/wp-comments-post.php,Contact; Request Quote; Request a Quote,46,3,"Article, BreadcrumbList, Organization, Person, WebPage, WebSite",,111,65,Trump vs. China 04 Dec Trump vs. China Posted at 20:26h in News by Lucinda Steinhauser 0 Comments 0 Likes Share Here’s an interesting take on the Trump vs. China trade war that is starting to impact business in the U.S. The New York 
https://luptons.com/u-s-steel-click-to-keep-reading/,blog post,200,False,False,U.S. Steel - Lupton Associates,30,,U.S. Steel,1,153,10,1,https://luptons.com/wp-comments-post.php,Contact; Request Quote; Request a Quote,46,3,"Article, BreadcrumbList, Organization, Person, WebPage, WebSite",,110,65,"U.S. Steel 25 Mar U.S. Steel Posted at 18:22h in News by Lucinda Steinhauser 0 Comments 0 Likes Share While steel tonnage import volumes are slowing, due to President Trump’s hefty tariffs, U.S. steelmakers have moved into a stronger"
https://luptons.com/virtual-best-practices-click-to-keep-reading/,blog post,200,False,False,(Virtual) Best Practices - Lupton Associates,44,,(Virtual) Best Practices,1,515,11,2,https://luptons.com/wp-comments-post.php,Contact; Request Quote; Request a Quote,46,3,"Article, BreadcrumbList, ImageObject, Organization, Person, WebPage, WebSite",,114,65,"(Virtual) Best Practices 23 Nov (Virtual) Best Practices Posted at 18:22h in News by Lucinda Steinhauser 0 Comments 0 Likes Share We have all been through a lot in 2020, and a return to normalcy seemed to be peeking its head around t"
https://luptons.com/were-still-here-click-to-keep-reading/,blog post,200,False,False,We're still Here - Lupton Associates,36,,We’re still Here,1,324,11,2,https://luptons.com/wp-comments-post.php,Contact; Request Quote; Request a Quote,46,3,"Article, BreadcrumbList, ImageObject, Organization, Person, WebPage, WebSite",,113,65,"We’re still Here 20 Oct We’re still Here Posted at 20:32h in News by Lucinda Steinhauser 0 Comments 0 Likes Share “It’ll be a few months of shutdown, and then sales people will be out seeing customers again.” “We’ll definitely be bac"
https://luptons.com/where-to-next-click-to-keep-reading/,blog post,200,False,False,Where to Next? - Lupton Associates,34,,Where to Next?,1,375,10,1,https://luptons.com/wp-comments-post.php,Contact; Request Quote; Request a Quote,46,3,"Article, BreadcrumbList, Organization, Person, WebPage, WebSite",,112,65,"Where to Next? 24 Jul Where to Next? Posted at 14:11h in News by Lucinda Steinhauser 0 Comments 0 Likes Share The U.S. and China are not the only countries being affected as the trade conflict continues. Some countries, like Vietnam,"
https://luptons.com/whos-paying-for-tariffs-click-to-keep-reading/,blog post,200,False,False,Who's Paying for Tariffs? - Lupton Associates,45,,Who’s Paying for Tariffs?,1,435,10,1,https://luptons.com/wp-comments-post.php,Contact; Request Quote; Request a Quote,46,3,"Article, BreadcrumbList, Organization, Person, WebPage, WebSite",,113,65,"Who’s Paying for Tariffs? 24 Jul Who’s Paying for Tariffs? Posted at 14:05h in News by Lucinda Steinhauser 0 Comments 0 Likes Share The economics of tariffs are relatively complicated, and the research conducted in the free trade era"
https://luptons.com/whos-the-boss/,blog post,200,False,False,Who's the Boss? - Lupton Associates,35,,Who’s the Boss?,1,525,11,2,https://luptons.com/wp-comments-post.php,Contact; Request Quote; Request a Quote,46,3,"Article, BreadcrumbList, ImageObject, Organization, Person, WebPage, WebSite",,113,65,"Who’s the Boss? 25 Sep Who’s the Boss? Posted at 17:23h in News by Lucinda Steinhauser 0 Comments 0 Likes Share I have worked for two companies in my career, and both companies have been family businesses. They are both in their seco"
https://luptons.com/why-doing-the-right-thing-matters-click-to-keep-reading/,blog post,200,False,False,Why doing the right thing matters - Lupton Associates,53,,Why doing the right thing matters,1,581,12,3,https://luptons.com/wp-comments-post.php,Contact; Request Quote; Request a Quote,46,3,"Article, BreadcrumbList, ImageObject, Organization, Person, WebPage, WebSite",,115,65,"Why doing the right thing matters 08 Feb Why doing the right thing matters Posted at 19:57h in News by Lucinda Steinhauser 1 Comment 5 Likes Share For those of you who have read my newsletter articles over the past five years, you ma"
https://luptons.com/,page,200,True,True,Custom Manufacturing Solutions for Engineered Components,56,"Lupton Associates helps OEMs and contract manufacturers source custom engineered components across molding, casting, machining, stamping, fabrication, electronics, cable assemblies, and prototyping.",Your next product breakthrough .,1,146,16,0,GF1->/#gf_1,Contact; Request Quote; Request a Quote; learn more; see more,51,211,"BreadcrumbList, Organization, WebPage, WebSite",https://luptons.com/,146,76,"Servicing the working world since 1969. learn more Your next product breakthrough . Integrated solutions for custom electro-mechanical components. Prototyping When time to market is critical, customers contact Lupton Associates. see "
https://luptons.com/about-us/,page,200,True,True,About Lupton Associates | Custom Manufacturing Since 1969,57,"Founded in 1969, Lupton Associates helps buyers evaluate custom components, manufacturing-process fit, difficult RFQs, and second-source requirements.",About Lupton Associates,1,966,27,1,,Book time with our team; Contact; Request Quote; Request a Quote; Submit a project,44,211,"BreadcrumbList, ImageObject, Organization, WebPage, WebSite",https://luptons.com/about-us/,138,63,"About Lupton Associates Serving the working world since 1969 The key to our success is our people. Founded in 1969, Lupton Associates helps OEMs, engineers, sourcing teams, and program leaders move custom components from requirement "
https://luptons.com/contact/,page,200,True,True,Contact Lupton Associates for RFQs and Manufacturing Questions,62,"Contact Lupton Associates for RFQs, drawings, custom component questions, manufacturing sourcing support, and project follow-up from the right Lupton team member.",Contact Lupton Associates,1,61,9,0,GF2->/contact/,Book Time; Contact; Get Directions; Request Quote; Request a Quote; Submit a Project,44,211,"BreadcrumbList, Organization, WebPage, WebSite",https://luptons.com/contact/,137,70,"Contact Lupton Associates Send a project question, RFQ detail, or manufacturing challenge and the Lupton team will route it to the right person. Submit a Project Ask a Manufacturing Question Book Time Call or email (585) 393-4999 [em"
https://luptons.com/data-centers/power-distribution-hardware/,page,200,True,True,Data Center Power Distribution Hardware Manufacturing | Lupton,62,"Review custom bus bars, enclosures, brackets, harnesses, insulation, thermal components, and electromechanical hardware for data center power programs.",Manufacturing paths for data center power distribution hardware,1,622,10,1,,Book time with our team; Contact; Explore Data Center & Power; Request Quote; Request a Quote; Submit a project or upload files,46,1,"BreadcrumbList, Organization, WebPage, WebSite",https://luptons.com/data-centers/power-distribution-hardware/,108,63,"Manufacturing paths for data center power distribution hardware Manufacturing paths for data center power distribution hardware Data center power programs combine electrical, thermal, mechanical, documentation, capacity, and launch r"
https://luptons.com/disclaimer/,page,200,False,False,Disclaimer,10,"Website disclaimer for Lupton Associates: general information only, with project-specific manufacturing requirements reviewed directly with the Lupton team.",Disclaimer,1,115,10,1,,Contact; Request Quote; Request a Quote,44,204,"BreadcrumbList, Organization, WebPage, WebSite",,103,63,"Disclaimer Disclaimer The information on this website is provided for general informational purposes only. Lupton Associates works with customers and manufacturing sources to support custom component and manufacturing requirements, b"
https://luptons.com/electronics/,page,200,True,True,Electronics Manufacturing and Assembly Support,46,"Lupton Associates supports electronics manufacturing programs including PCB assembly, cable assemblies, box builds, testing, and related OEM sourcing needs.",Electronics,1,143,18,3,,Contact; Request Quote; Request a Quote; see more,48,204,"BreadcrumbList, Organization, Service, WebPage, WebSite",https://luptons.com/electronics/,114,64,"Electronics Whether your project requires a board-level printed circuit board assembly or you are looking to outsource your entire product, we have the skills necessary to design, assemble, test, and ship your product to markets all "
https://luptons.com/electronics/cable-assemblies/,page,200,True,True,Custom Cable Assemblies & Wire Harnesses | Lupton Associates,60,"Build-to-print custom cable assemblies and wire harnesses, low volume to production. Send drawings, BOM and volumes. Lupton reviews specs and matches your program to the right US or offshore build path.",Custom Cable Assemblies and Wire Harnesses,1,617,15,0,,Book time with our team; Contact; Request Quote; Request a Quote; Request an RFQ review,44,206,"BreadcrumbList, FAQPage, Organization, Service, WebPage, WebSite",https://luptons.com/electronics/cable-assemblies/,118,64,"Custom Cable Assemblies and Wire Harnesses If you have a print for a cable assembly or wire harness – a 24 AWG multi-conductor harness, a molded assembly, or a heavy power cable up to 4/0 – send it over. Lupton reviews your drawings,"
https://luptons.com/electronics/electronic-manufacturing/,page,200,True,True,Electronic Manufacturing Services for OEMs,42,"Electronic manufacturing services for OEMs and contract manufacturers, including PCB assembly, box build, testing, documentation, and RFQ support.",Electronic Manufacturing,1,329,12,3,,Book time with our team; Contact; Request Quote; Request a Quote,44,206,"BreadcrumbList, Organization, Service, WebPage, WebSite",https://luptons.com/electronics/electronic-manufacturing/,110,64,Electronic Manufacturing Lupton supports sourcing and program review for printed circuit board and box-build assemblies. Include custom cable assemblies and wire harness requirements when they are part of the finished assembly. Depen
https://luptons.com/electronics/microelectronics/,page,200,True,True,Microelectronics - Lupton Associates,36,,Microelectronics,1,230,11,2,,Book time with our team; Contact; Request Quote; Request a Quote,44,204,"BreadcrumbList, Organization, Service, WebPage, WebSite",https://luptons.com/electronics/microelectronics/,109,64,Microelectronics Next generation electronic assembly manufacturing and technology services. We help our clients realize product designs that require a range from small form factors to high performance packaging for electronics and mi
https://luptons.com/electronics/offshore-contract-manufacturing/,page,200,True,True,Offshore Contract Manufacturing - Lupton Associates,51,,Offshore Contract Manufacturing,1,198,13,4,,Book time with our team; Contact; Request Quote; Request a Quote,44,204,"BreadcrumbList, ImageObject, Organization, Service, WebPage, WebSite",https://luptons.com/electronics/offshore-contract-manufacturing/,110,64,"Offshore Contract Manufacturing When the time comes for high-volume, low-cost, offshore manufacturing services, we have established and ready solutions to make the transition seamless to your organization. We recognize that there are"
https://luptons.com/field-signal/,page,200,True,True,The Lupton Field Signal | Manufacturing and RFQ Intelligence,60,"Manufacturing-path guidance, field observations, project lessons, and RFQ intelligence from Lupton Associates.",The Lupton Field Signal,1,1425,15,2,,Contact; Explore practical resources →; Improve the quote package; Make the RFQ easier to quote; Request Quote; Request a Quote; Start an RFQ →,49,211,"BreadcrumbList, ImageObject, Organization, WebPage, WebSite",https://luptons.com/field-signal/,148,64,The Lupton Field Signal ▶ Your browser does not support embedded video. Download the video . Joe Guadagnino July 2026 Behind the finished system is a manufacturing path. Sheet metal inside a server rack. A casting in a truck cab. A c
https://luptons.com/industries-served/,page,200,True,True,Industries Served - Lupton Associates,37,"Lupton's serves OEMs across aerospace, medical, industrial, transportation, and technology industries with custom manufacturing solutions.",Industries Served,1,346,10,1,,Contact; Request Quote; Request a Quote,44,211,"BreadcrumbList, Organization, WebPage, WebSite",https://luptons.com/industries-served/,125,63,"Industries Served Manufacturing solutions for a wide range of industries. Our diverse manufacturing capabilities allow us to adapt to the unique demands of each sector, whether that means meeting tight tolerances for aerospace compon"
https://luptons.com/machined-components/,page,200,True,True,Machined Components - Lupton Associates,39,,Machined Components,1,154,20,2,,Contact; Request Quote; Request a Quote; see more,47,209,"BreadcrumbList, Organization, Service, WebPage, WebSite",https://luptons.com/machined-components/,115,64,"Machined Components The processes which we deploy to meet your needs for time to market, cost and quality include: Creep Feed Grinding High Speed CNC Machining – Spindle Speeds greater than 20,000 RPMs CNC Turning and Grinding Weldin"
https://luptons.com/machined-components/aluminum-extrusions/,page,200,True,True,Aluminum Extrusions - Lupton Associates,39,,Aluminum Extrusions,1,292,13,4,,Book time with our team; Contact; Request Quote; Request a Quote,44,204,"BreadcrumbList, Organization, Service, WebPage, WebSite",https://luptons.com/machined-components/aluminum-extrusions/,110,64,"Aluminum Extrusions A billet of series 1000, 3000 or 6000 aluminum alloy is placed in the extrusion press and is heated to between 750 to 900 degrees F, making it malleable. It is then forced through a steel die using a hydraulic ram"
https://luptons.com/machined-components/castings/,page,200,True,True,Custom Casting Solutions for Engineered Components,50,"Casting support for custom engineered components, including aluminum, zinc, investment, sand, permanent mold, graphite, and precision casting options.",Castings,1,168,13,4,,Book time with our team; Contact; Request Quote; Request a Quote,44,204,"BreadcrumbList, Organization, Service, WebPage, WebSite",https://luptons.com/machined-components/castings/,109,64,"Castings Whether you are trying to get a complex electronic enclosure to market quickly or you are looking to cost reduce a current product, we have the Casting processes to meet your needs. The processes in which we have expertise i"
https://luptons.com/machined-components/cold-plates/,page,200,True,True,Cold Plates and Liquid Cooling Components | Lupton Associates,61,"Review custom cold plates and liquid cooling components for power, electronics, and equipment programs. Send drawings, thermal requirements, volume, and timing.",Cold plates and liquid cooling components for high-heat equipment,1,644,10,1,,Book time with our team; Contact; Explore Data Center & Power; Request Quote; Request a Quote; Submit a project or upload files,45,204,"BreadcrumbList, Organization, Service, WebPage, WebSite",https://luptons.com/machined-components/cold-plates/,110,64,"Cold plates and liquid cooling components for high-heat equipment Cold plates and liquid cooling components for high-heat equipment When air cooling is not enough, a cold plate can move heat from a component or assembly into a contro"
https://luptons.com/manufacturing-path/,page,200,True,True,Manufacturing Path and Request for Quote | Lupton Associates,60,"Submit drawings and project requirements for Lupton review, ask manufacturing-process questions, or book time with our team.",Manufacturing Path and Request for Quote,1,343,10,1,GF1->/manufacturing-path/#gf_1,Book time with our team; Contact; Request Quote; Request a Quote,44,212,"BreadcrumbList, Organization, WebPage, WebSite",https://luptons.com/manufacturing-path/,130,70,"Manufacturing Path and Request for Quote Bring us the part you are not sure about. Send the drawing, material, estimated annual volume, tolerances, finish, documentation requirements, and timing you know. The Lupton team will review "
https://luptons.com/manufacturing-path/sheet-metal-fabrication/,page,200,True,True,Sheet Metal Fabrication Capacity | Lupton Associates,52,"Send sheet-metal drawings and requirements to Lupton for review across laser cutting, punching, forming, welding, finishing, and assembly capacity.",Sheet Metal Fabrication Capacity | Need another source for a sheet-metal part or assembly?,2,609,21,2,GF1->/manufacturing-path/sheet-metal-fabrication/#gf_1,Book Time; Contact; Request Quote; Request a Quote,45,1,"BreadcrumbList, ImageObject, Organization, WebPage, WebSite",https://luptons.com/manufacturing-path/sheet-metal-fabrication/,148,66,Sheet Metal Fabrication Capacity A Lupton manufacturing path Need another source for a sheet-metal part or assembly? Tell us what you are making and where you are stuck. Lupton will review the requirements and help identify the right
https://luptons.com/metal-fabrication/,page,200,True,True,Metal Fabrication for Custom Engineered Components,50,"Metal fabrication support for OEMs, including sheet metal, stamping, weldments, fabricated assemblies, finishing, and manufacturability review.",Metal Fabrication,1,237,16,4,,Contact; Request Quote; Request a Quote; Request a quote; see more,49,206,"BreadcrumbList, Organization, Service, WebPage, WebSite",https://luptons.com/metal-fabrication/,114,64,"Metal Fabrication Whether your project requires a complex weldment, such as the frame for an Intermodal Genset or a simple, low cost stamping, we have the abilities and the processes to suit your needs. We offer a range of technologi"
https://luptons.com/metal-fabrication/progressive-die-stamping/,page,200,True,True,Progressive Die Stamping for High-Volume Parts | Lupton,55,"Progressive die stamping for parts over 100,000 pcs/yr. Send your print, material, and volumes - Lupton reviews whether the tooling investment pays.",Progressive Die Stamping,1,619,14,5,,Book time with our team; Contact; Request Quote; Request a Quote; Request an RFQ review,44,204,"BreadcrumbList, Organization, Service, WebPage, WebSite",https://luptons.com/metal-fabrication/progressive-die-stamping/,112,64,"Progressive Die Stamping Progressive die stamping is a tooling investment decision before it's a manufacturing decision. When annual volume climbs past roughly 100,000 pieces and the part's form factor supports a progressive die, per"
https://luptons.com/metal-fabrication/sheetmetal-fabrication/,page,200,True,True,Sheet Metal Fabrication for OEM Component Programs,50,"Sheet metal fabrication support including laser cutting, punching, forming, welding, hardware insertion, finishing, and turnkey assembly for OEM programs.",Sheetmetal Fabrication,1,226,14,5,,Book time with our team; Contact; Request Quote; Request a Quote,44,204,"BreadcrumbList, Organization, Service, WebPage, WebSite",https://luptons.com/metal-fabrication/sheetmetal-fabrication/,110,64,"Sheetmetal Fabrication Sheet metal fabrication utilizes NC Turret presses, high wattage lasers or plasma cutters to punch or burn features into a flat sheet of material. A press brake is then used for forming. Robotics may be incorpo"
https://luptons.com/metal-fabrication/short-run-stamping/,page,200,True,True,"Short Run Metal Stamping | 2,500 to 100,000 Parts/Yr | Lupton Associates",72,"Short run metal stamping for brackets, clips, plates and enclosure parts under 20 x 30 in. at 2,500 to 100,000 pcs/yr. Lower tooling cost than progressive dies. Send your print for a fab vs. stamping review.",Short Run Metal Stamping,1,699,15,0,,Book time with our team; Contact; Request Quote; Request a Quote; Request an RFQ review; send drawings for an RFQ review,45,206,"BreadcrumbList, FAQPage, Organization, Service, WebPage, WebSite",https://luptons.com/metal-fabrication/short-run-stamping/,118,64,"Short Run Metal Stamping Short run metal stamping fills the gap between laser-cut fabrication and progressive dies. If your sheet metal part runs roughly 2,500 to 100,000 pieces a year and fits inside about 20"" x 30"" in the flat, har"
https://luptons.com/office-space-for-lease/,page,200,True,True,Office Space for Lease - Lupton Associates,42,,Office Space for Lease,1,81,11,2,,Contact; Request Quote; Request a Quote,45,1,"BreadcrumbList, Organization, WebPage, WebSite",https://luptons.com/office-space-for-lease/,106,63,"Office Space for Lease There is availability on the 2nd floor of the building. Contact Tammy Hall ( [email protected] ) for more information. Electric, Heat and A/C Plowing and grounds maintenance Common area maintenance Ample Parkin"
https://luptons.com/opt-out-preferences/,page,200,True,True,Opt-out preferences - Lupton Associates,39,,Opt-out preferences,1,11,10,1,,Contact; Request Quote; Request a Quote,44,204,"BreadcrumbList, Organization, WebPage, WebSite",https://luptons.com/opt-out-preferences/,102,63,Opt-out preferences [cmplz-document type=”cookie-statement” region=”us”]
https://luptons.com/other-custom-solutions/,page,200,True,True,Other Custom Solutions | Lupton Associates,42,"Review labels, active cleaning and sealing components, bolt-on lift systems, and gas springs by function, interface, environment, and program requirements.",Other Custom Solutions,1,735,6,0,,CONTACT,15,208,"BreadcrumbList, CollectionPage",https://luptons.com/other-custom-solutions/,33,3,(585) 393-4999 [email protected] PROCESS CONCEPT — NOT A FACILITY OR CUSTOMER INSTALLATION MANUFACTURING PATH 06 Other Custom Solutions Start with the function when the answer does not fit a standard manufacturing category. START PROJECT INTAKE REVIEW THE PATH STARTING DECISION W
https://luptons.com/other-custom-solutions/active-cleaning-sealing-solutions/,page,200,True,True,Active Cleaning & Sealing Solutions | Lupton Associates,55,"Review active cleaning brushes, static-control components, roller assemblies, die-cut seals, polymer extrusions, and ultrasonic assembly requirements.",Active Cleaning & Sealing Solutions,1,726,6,0,,CONTACT,12,206,"BreadcrumbList, WebPage",https://luptons.com/other-custom-solutions/active-cleaning-sealing-solutions/,31,3,"(585) 393-4999 [email protected] PROCESS CONCEPT — NOT A FACILITY OR CUSTOMER INSTALLATION MANUFACTURING PATH 06.2 Active Cleaning & Sealing Solutions Define the contact, media, environment, and wear mechanism before selecting the component. START PROJECT INTAKE REVIEW THE PATH S"
https://luptons.com/other-custom-solutions/bolt-on-lift-systems/,page,200,True,True,Bolt-On Lift Systems | Lupton Associates,40,"Review bolt-on workstation lift systems by load, travel, height, stability, manual or motor operation, installation, controls, and validation.",Bolt-On Lift Systems,1,703,5,0,,CONTACT,12,206,"BreadcrumbList, WebPage",https://luptons.com/other-custom-solutions/bolt-on-lift-systems/,30,3,"(585) 393-4999 [email protected] PROCESS CONCEPT — NOT A FACILITY OR CUSTOMER INSTALLATION MANUFACTURING PATH 06.3 Bolt-On Lift Systems Start with load, travel, stability, and installation—not a preselected kit. START PROJECT INTAKE REVIEW THE PATH STARTING DECISION What must the"
https://luptons.com/other-custom-solutions/gas-springs/,page,200,True,True,Gas Springs | Lupton Associates,31,"Review locking and non-locking gas springs by force, stroke, mounting geometry, damping, environment, cycle life, safety, and application requirements.",Gas Springs,1,725,6,0,,CONTACT,12,206,"BreadcrumbList, WebPage",https://luptons.com/other-custom-solutions/gas-springs/,30,3,(585) 393-4999 [email protected] PROCESS CONCEPT — NOT A FACILITY OR CUSTOMER INSTALLATION MANUFACTURING PATH 06.4 Gas Springs Define the force curve and motion before choosing a locking or non-locking configuration. START PROJECT INTAKE REVIEW THE PATH STARTING DECISION What mot
https://luptons.com/other-custom-solutions/labels/,page,200,True,True,Labels | Lupton Associates,26,"Review durable labels, decorative and warning labels, RFID, substrates, adhesives, printing, finishing, and environmental requirements with Lupton.",Labels,1,699,5,0,,CONTACT,11,206,"BreadcrumbList, WebPage",https://luptons.com/other-custom-solutions/labels/,30,3,(585) 393-4999 [email protected] PROCESS CONCEPT — NOT A FACILITY OR CUSTOMER INSTALLATION MANUFACTURING PATH 06.1 Labels Treat the label as a functional component—not the last unchecked item on the BOM. START PROJECT INTAKE REVIEW THE PATH STARTING DECISION What must the label c
https://luptons.com/over-the-wire/,page,200,True,True,Over The Wire - Lupton Associates,33,,Over The Wire | Over The Wire,2,281,10,1,,Contact; Open Field Signal →; Read Issue 01 →; Request Quote; Request a Quote,45,204,"BreadcrumbList, Organization, WebPage, WebSite",https://luptons.com/over-the-wire/,117,63,"Over The Wire Monthly manufacturing dispatch Over The Wire A concise monthly edition that curates the most useful reads, manufacturing observations, principal updates, and one practical question worth carrying into the next RFQ. Late"
https://luptons.com/over-the-wire/july-2026/,page,200,True,True,Over The Wire — July 2026 - Lupton Associates,45,,Over The Wire — July 2026,1,961,19,1,,Contact; Request Quote; Request a Quote,45,2,"BreadcrumbList, ImageObject, Organization, WebPage, WebSite",https://luptons.com/over-the-wire/july-2026/,128,63,"Over The Wire — July 2026 ← Over The Wire library Over the Wire July 2026 · 3 Ideas, 2 Quotes & 1 Question A few things we read this month made us think of the people we work with. These were the best of them. Pour a coffee; this wil"
https://luptons.com/privacy-statement-us/,page,200,True,True,Privacy Statement (US) - Lupton Associates,42,,Privacy Statement (US),1,12,10,1,,Contact; Request Quote; Request a Quote,44,204,"BreadcrumbList, Organization, WebPage, WebSite",https://luptons.com/privacy-statement-us/,102,63,Privacy Statement (US) [cmplz-document type=”privacy-statement” region=”us”]
https://luptons.com/prototyping,page,200,True,False,Prototyping | Lupton Associates,31,"Choose a prototyping path around design risk, material, quantity, testing, timing, and the intended production process with Lupton Associates.",Prototyping,1,728,8,0,,CONTACT,14,209,"BreadcrumbList, WebPage",https://luptons.com/prototyping/,31,3,(585) 393-4999 [email protected] PROCESS CONCEPT — NOT A FACILITY OR CUSTOMER INSTALLATION MANUFACTURING PATH 01 Prototyping Choose the prototype around what the team needs to learn next. START PROJECT INTAKE REVIEW THE PATH STARTING DECISION What uncertainty must the prototype r
https://luptons.com/prototyping/,page,200,True,True,Prototyping | Lupton Associates,31,"Choose a prototyping path around design risk, material, quantity, testing, timing, and the intended production process with Lupton Associates.",Prototyping,1,728,8,0,,CONTACT,14,209,"BreadcrumbList, WebPage",https://luptons.com/prototyping/,31,3,(585) 393-4999 [email protected] PROCESS CONCEPT — NOT A FACILITY OR CUSTOMER INSTALLATION MANUFACTURING PATH 01 Prototyping Choose the prototype around what the team needs to learn next. START PROJECT INTAKE REVIEW THE PATH STARTING DECISION What uncertainty must the prototype r
https://luptons.com/thermoplastic-and-thermoset-molding/,page,200,True,True,Thermoplastic and Thermoset Molding for Engineered Components,61,"Thermoplastic and thermoset molding support for custom engineered components, including molded plastic parts, insert molding, overmolding, and RFQ guidance.",Thermoplastic and Thermoset Molding,1,172,23,1,,Contact; Request Quote; Request a Quote; see more,52,208,"BreadcrumbList, Organization, Service, WebPage, WebSite",https://luptons.com/thermoplastic-and-thermoset-molding/,117,64,Thermoplastic and Thermoset Molding Our team utilizes a consultative selling approach to assist design engineers and program managers in the selection of both materials and manufacturing processes that will meet the performance requi
https://luptons.com/thermoplastic-and-thermoset-molding/blow-molding/,page,200,True,True,Blow Molding - Lupton Associates,32,,Blow Molding,1,174,12,3,,Book time with our team; Contact; Request Quote; Request a Quote,44,204,"BreadcrumbList, Organization, Service, WebPage, WebSite",https://luptons.com/thermoplastic-and-thermoset-molding/blow-molding/,108,64,Blow Molding Blow molding is the process of forming a molten tube (referred to as the parison or preform) of thermoplastic material (polymer or resin) and placing the parison or preform within a mold cavity and inflating the tube wit
https://luptons.com/thermoplastic-and-thermoset-molding/compression-molding/,page,200,True,True,Compression Molding - Lupton Associates,39,,Compression Molding,1,216,10,1,,Book time with our team; Contact; Request Quote; Request a Quote,44,204,"BreadcrumbList, Organization, Service, WebPage, WebSite",https://luptons.com/thermoplastic-and-thermoset-molding/compression-molding/,107,64,"Compression Molding Compression Molding of Thermoset Composites provides designers the ability to convert die castings or weldments into structural moldings with very high strength to weight ratios . We utilize SMC, BMC and TMC compo"
https://luptons.com/thermoplastic-and-thermoset-molding/gas-assist-injection-molding/,page,200,True,True,Gas Assist Injection Molding | Lupton Associates,48,"Internal and external gas assist injection molding. Send your part drawings, resin, and volumes - Lupton reviews fit against the gas assist process.",Gas Assist Injection Molding,1,712,13,4,,Book time with our team; Contact; Request Quote; Request a Quote; Request an RFQ review; send a drawing for an RFQ review,44,204,"BreadcrumbList, Organization, Service, WebPage, WebSite",https://luptons.com/thermoplastic-and-thermoset-molding/gas-assist-injection-molding/,113,64,"Gas Assist Injection Molding Gas assist injection molding solves a specific set of problems: thick sections that sink, parts heavier than they need to be, and large parts that would otherwise demand a bigger press. If your part has t"
https://luptons.com/thermoplastic-and-thermoset-molding/injection-molding/,page,200,True,True,Custom Injection Molding for Engineered Components,50,"Custom injection molding support for engineered plastic components, including thermoplastic and thermoset molding, insert molding, overmolding, gas assist, and RFQ guidance.",Injection Molding,1,210,14,3,,Book time with our team; Contact; Request Quote; Request a Quote,44,204,"BreadcrumbList, Organization, Service, WebPage, WebSite",https://luptons.com/thermoplastic-and-thermoset-molding/injection-molding/,110,64,"Injection Molding Injection Molding is one of the most widely applied technologies for the manufacture of decorative covers, enclosures and instrumentation. In the Injection Molding process, plastic pellets are introduced into a drye"
https://luptons.com/thermoplastic-and-thermoset-molding/low-volume-composites/,page,200,True,True,Low Volume Composites - Lupton Associates,41,,Low Volume Composites,1,137,10,1,,Book time with our team; Contact; Request Quote; Request a Quote,44,204,"BreadcrumbList, Organization, Service, WebPage, WebSite",https://luptons.com/thermoplastic-and-thermoset-molding/low-volume-composites/,107,64,"Low Volume Composites If your part requires strength and structural integrity at a reduced weight, we have decades of experience in the design, development and manufacture of advanced composite materials. Our core capabilities includ"
https://luptons.com/thermoplastic-and-thermoset-molding/plastic-fabrication/,page,200,True,True,Thermoplastic Fabrication for Custom Parts | Lupton,51,"Discuss custom plastic parts with Lupton. Review forming, machining, bonding and welding requirements, material choices and your next sourcing step.",Thermoplastic fabrication for custom plastic parts,1,167,11,2,,Book time with our team; Contact; Request Quote; Request a Quote,44,204,"BreadcrumbList, Organization, Service, WebPage, WebSite",https://luptons.com/thermoplastic-and-thermoset-molding/plastic-fabrication/,108,64,"Thermoplastic fabrication for custom plastic parts Need a custom plastic part and help deciding how to make it? Lupton helps you review fabrication requirements, including forming, machining, bonding and welding, and identify the nex"
https://luptons.com/thermoplastic-and-thermoset-molding/rim/,page,200,True,True,RIM - Lupton Associates,23,,RIM,1,237,14,5,,Book time with our team; Contact; Request Quote; Request a Quote,48,204,"BreadcrumbList, Organization, Service, WebPage, WebSite",https://luptons.com/thermoplastic-and-thermoset-molding/rim/,110,64,"RIM Reaction Injection Molding, or RIM, produces parts that are dimensionally stable, chemically resistant, physically tough, wear resistant and yet can have intricate detail. This process is an excellent choice for large plastic par"
https://luptons.com/thermoplastic-and-thermoset-molding/rotational-molding/,page,200,True,True,Rotational Molding for Hollow Plastic Parts | Lupton Associates,63,"Review rotational molding for hollow, one-piece plastic components. Send the part, material, volume, wall, finish, and timing requirements to Lupton.","Rotational molding for hollow, one-piece plastic components",1,688,10,1,,Book time with our team; Contact; Contact Lupton; Request Quote; Request a Quote; Submit a project or upload files,44,204,"BreadcrumbList, Organization, Service, WebPage, WebSite",https://luptons.com/thermoplastic-and-thermoset-molding/rotational-molding/,111,64,"Rotational molding for hollow, one-piece plastic components Rotational molding for hollow, one-piece plastic components Rotational molding can be a practical path for hollow plastic parts that need size, durability, integrated featur"
https://luptons.com/thermoplastic-and-thermoset-molding/structural-web-molding/,page,200,True,True,Structural Foam Molding: Low & High Pressure | Lupton,53,"Single-nozzle, multi-nozzle, and gas counter pressure structural foam molding. Send drawings, resin, and volumes for a process and tooling review.",Structural Foam Molding,1,756,13,4,,Book time with our team; Contact; Request Quote; Request a Quote; Request an RFQ review,44,204,"BreadcrumbList, Organization, Service, WebPage, WebSite",https://luptons.com/thermoplastic-and-thermoset-molding/structural-web-molding/,113,64,"Structural Foam Molding Structural foam molding produces large, rigid, thick-walled plastic parts at lower injection pressures than conventional molding – which changes the tooling math. Lower pressure often makes aluminum tooling vi"
https://luptons.com/thermoplastic-and-thermoset-molding/thermoforming/,page,200,True,True,Thermoforming - Lupton Associates,33,,Thermoforming,1,231,16,6,,Book time with our team; Contact; Download our design guide; Request Quote; Request a Quote,45,204,"BreadcrumbList, Organization, Service, WebPage, WebSite",https://luptons.com/thermoplastic-and-thermoset-molding/thermoforming/,111,64,"Thermoforming Thermoforming or Vacuum Forming, uses an extruded sheet of thermoplastic. The sheets are individually heated to make them malleable. They are then drawn over a mold half to replicate the surface of the mold. Unlike inje"
https://www.luptonsolutions.com/datacenter,page,200,True,False,Lupton Associates | Custom Manufacturing for Data Centers,57,"Lupton Associates helps data center hardware teams review manufacturing paths for custom enclosures, machined and cast parts, bus bars, cable assemblies, insulation, thermal components, and electronic assemblies.",Custom Manufacturing for Data Center Hardware,1,37,0,0,,,2,0,"FAQPage, LocalBusiness, Organization",https://www.luptonsolutions.com/datacenter,5,2,"Custom Manufacturing for Data Center Hardware Lupton Associates helps hardware teams clarify requirements, compare practical manufacturing paths, and prepare custom-component programs for a productive quote review. Review Lupton's data center capabilities or start a manufacturing"
https://luptons.com/resources/,resource/case study,200,True,True,Case Studies and Manufacturing Resources,40,"Lupton Associates resources, case studies, RFQ education, and manufacturing examples for OEMs and sourcing teams evaluating custom engineered components.",Case Studies & Resources,1,323,22,1,,Contact; Manufacturing Path and RFQ; Read the Field Signal; Request Quote; Request a Quote; Start the Manufacturing Path; Why a custom part is difficult to quote,59,211,"BreadcrumbList, Organization, WebPage, WebSite",https://luptons.com/resources/,122,63,"Case Studies & Resources THE LUPTON FIELD SIGNAL Manufacturing intelligence for the next RFQ. Market movement, manufacturing-path guidance, project lessons, and questions worth resolving before a quote request reaches the wrong proce"
https://luptons.com/resources/choose-manufacturing-process-custom-part/,resource/case study,200,True,True,How to Choose a Manufacturing Process for a Custom Part | Lupton,64,"Compare machining, casting, stamping, fabrication, molding, and assembly paths using material, geometry, tolerances, volume, tooling, finish, and timing.",How should this part be made?,1,775,10,1,,Book time with our team; Contact; Contact Lupton; Request Quote; Request a Quote; Submit a project or upload files,45,3,"BreadcrumbList, Organization, WebPage, WebSite",https://luptons.com/resources/choose-manufacturing-process-custom-part/,109,63,"How should this part be made? How should this part be made? A drawing does not always point to one manufacturing process. Material, geometry, tolerances, annual volume, tooling, finish, testing, and timing can move the same part towa"
https://luptons.com/resources/second-source-custom-components/,resource/case study,200,True,True,Second-Source Manufacturing for Custom Components | Lupton,58,"Build a second-source review package for custom metal, plastic, electronics, cable, and electromechanical components before supplier risk becomes a production problem.",Build a second source before the current path fails,1,659,10,1,,Book time with our team; Contact; Contact Lupton; Request Quote; Request a Quote; Submit a project or upload files,45,2,"BreadcrumbList, Organization, WebPage, WebSite",https://luptons.com/resources/second-source-custom-components/,108,63,Build a second source before the current path fails Build a second source before the current path fails A second-source project is not just a search for another supplier. The new manufacturing path must understand the current drawing
https://luptons.com/resources/why-custom-part-is-difficult-to-quote/,resource/case study,200,True,True,Why a Custom Part Is Difficult to Quote | Lupton Associates,59,"Learn why custom-part RFQs stall and what drawings, material, volume, tolerances, finish, testing, and timing manufacturers need before quoting.",Why is this part difficult to quote?,1,729,10,1,,Book time with our team; Contact; Contact Lupton; Request Quote; Request a Quote; Submit a project or upload files,45,3,"BreadcrumbList, Organization, WebPage, WebSite",https://luptons.com/resources/why-custom-part-is-difficult-to-quote/,109,63,"Why is this part difficult to quote? Why is this part difficult to quote? When a manufacturing RFQ stalls, the problem is not always supplier interest. The drawing may leave critical decisions open. The stated process may not fit the"
